,Hamming Distance,Tool,ed,id,mfe,sequences,structure
4,0.0,rnaevol,0.0015713222201,1,-10.2,GGGCCGAAAAAGGCCC,(((((......)))))
5,0.0,rnaevol,0.00155913089952,1,-10.2,GGCCCGGGAAAGGGCC,(((((......)))))
6,0.0,rnaevol,0.00155908491459,1,-10.2,GGCCCGAAAAAGGGCC,(((((......)))))
7,0.0,rnaevol,0.00155908491459,1,-10.2,GGCCCGAAAAAGGGCC,(((((......)))))
5,0.0,sentrna,0.0021011058029582206,1,-5.1,GCAUCAAAAAAGAUGC,(((((......)))))
6,0.0,sentrna,0.0021011058029582206,1,-5.1,GCAUCAAAAAAGAUGC,(((((......)))))
7,0.0,sentrna,0.0021011058029582206,1,-5.1,GCAUCAAAAAAGAUGC,(((((......)))))
8,0.0,sentrna,0.0021011058029582206,1,-5.1,GCAUCAAAAAAGAUGC,(((((......)))))
9,0.0,sentrna,0.0021011058029582206,1,-5.1,GCAUCAAAAAAGAUGC,(((((......)))))
4,0.0,erd,0.003522768153868895,1,-5.1,GACUCUCCUUCGAGUC,(((((......)))))
5,0.0,erd,0.0020464311040223624,1,-6.4,GCUGCAUCUCCGCGGC,(((((......)))))
6,0.0,erd,0.01709601900303559,1,-3.0,CGUUCGGAUCAGAAUG,(((((......)))))
7,0.0,erd,0.037220815077946494,1,-3.9,AACACGACACGGUGUU,(((((......)))))
5,0.0,rnainverse,0.0015877863817792212,1,-10.0,GGCCCUCCAUUGGGCC,(((((......)))))
6,0.0,rnainverse,0.15994861369813174,1,-1.0,UAGUUCGGCCUGACUA,(((((......)))))
7,0.0,rnainverse,0.01957278723396007,1,-2.8,CUAGUAUGCGGACUAG,(((((......)))))
8,0.0,rnainverse,0.0015593619915717585,1,-10.2,GGCCCGGUAAAGGGCC,(((((......)))))
9,0.0,rnainverse,0.0015590850205387842,1,-10.2,GGCCCGAAUAAGGGCC,(((((......)))))
0,0.0,rnaevol,0.00274344963964,8,-6.3,GGCCCGGGGCCA,((((...)))).
1,0.0,rnaevol,0.00275362423932,8,-6.3,GGCCAAAGGCCA,((((...)))).
2,0.0,rnaevol,0.00273884418207,8,-6.3,GGCCUAUGGCCA,((((...)))).
3,0.0,rnaevol,0.00274974537803,8,-6.3,GGCCAAUGGCCA,((((...)))).
0,0.0,sentrna,0.021783968821310187,8,-2.2,GAUCAAAGAUCA,((((...)))).
1,0.0,sentrna,0.021783968821310187,8,-2.2,GAUCAAAGAUCA,((((...)))).
2,0.0,sentrna,0.021783968821310187,8,-2.2,GAUCAAAGAUCA,((((...)))).
3,0.0,sentrna,0.021783968821310187,8,-2.2,GAUCAAAGAUCA,((((...)))).
4,0.0,sentrna,0.021783968821310187,8,-2.2,GAUCAAAGAUCA,((((...)))).
0,0.0,erd,0.08824674804131172,8,-1.6,GACAGACUGUCC,((((...)))).
1,0.0,erd,0.04157998097112112,8,-3.6,UCCCUCUGGGAC,((((...)))).
2,0.0,erd,0.38209184954205,8,-0.6,CUUCGCUGGAGA,((((...)))).
3,0.0,erd,0.06164030785006188,8,-2.8,UGCGUAGCGCAA,((((...)))).
0,0.0,rnainverse,0.11323916002123745,8,-1.8,UGCAAAGUGCAU,((((...)))).
1,0.0,rnainverse,0.002742997164458144,8,-6.3,GGCCUUGGGCCA,((((...)))).
2,0.0,rnainverse,0.18989052549080906,8,-0.7,CUUGUCCCGAGG,((((...)))).
3,0.0,rnainverse,0.0027388441820716744,8,-6.3,GGCCUAUGGCCA,((((...)))).
4,0.0,rnainverse,0.002742997164458144,8,-6.3,GGCCUUGGGCCA,((((...)))).
8,0.0,rnaevol,0.076878571113,23,-2.2,GCGAAAGCAGGGAAACC,((....)).((....))
9,0.0,rnaevol,0.0633014821262,23,-2.8,GCUACGGCACCGAAAGG,((....)).((....))
10,0.0,rnaevol,0.0716574165743,23,-2.3,GCGUAAGCACCGACAGG,((....)).((....))
11,0.0,rnaevol,0.0680782020714,23,-2.3,GCCAAGGCACCGAAAGG,((....)).((....))
10,0.0,sentrna,0.1542067085574708,23,-0.8,CGGAAACGAGGGAAACC,((....)).((....))
11,0.0,sentrna,0.13298039466135006,23,-2.4,GGGAAACCACCGAAAGG,((....)).((....))
12,0.0,sentrna,0.08015458169968702,23,-2.3,GGGAAACCAGGGAAACC,((....)).((....))
13,0.0,sentrna,0.08280220448542555,23,-2.2,GGGAAACCAGCGAAAGC,((....)).((....))
14,0.0,sentrna,0.13298039466135006,23,-2.4,GGGAAACCACCGAAAGG,((....)).((....))
8,0.0,erd,0.13620240638826958,23,-2.0,GGGACACCUGCUGCGGC,((....)).((....))
9,0.0,erd,0.21754728403494472,23,-0.6,GGAUUCCCUGGGCAACC,((....)).((....))
10,0.0,erd,0.13258077697758364,23,-2.3,GGGUAACCAGGGGAACC,((....)).((....))
11,0.0,erd,0.15400343005014247,23,-1.3,GCAAUAGCAGCGAGAGC,((....)).((....))
10,0.0,rnainverse,0.18748146161420623,23,-0.6,GGUAAACCAGCUCAUGC,((....)).((....))
11,0.0,rnainverse,0.0719770287900381,23,-2.1,GCUAAUGCACCGAAAGG,((....)).((....))
12,0.0,rnainverse,0.1536534416932297,23,-1.0,GCGUAAGCCCCUCAUGG,((....)).((....))
13,0.0,rnainverse,0.05200664358853746,23,-2.9,GCGCAAGCACCUCCGGG,((....)).((....))
14,0.0,rnainverse,0.18160325707120187,23,-1.4,CCUCAUGGACCGGUAGG,((....)).((....))
12,0.0,rnaevol,0.00136718344084,26,-15.9,AAGGCCGGCCAAAAAGGACCGGCCAA,..((((((((.....)).))))))..
13,0.0,rnaevol,0.0012133905221,26,-16.5,AAGCCCGGGCUAAAUGCACCGGGCAA,..((((((((.....)).))))))..
14,0.0,rnaevol,0.00103964545113,26,-16.7,AAGGCCGGGCGAAAAGCACCGGCCAA,..((((((((.....)).))))))..
15,0.0,rnaevol,0.00103922039212,26,-16.7,CAGCCCGGGCGAAAAGCACCGGGCAA,..((((((((.....)).))))))..
15,0.0,sentrna,0.08522945296355112,26,-5.5,AGGCUUAUGUAAAAAACAAUAAGCAG,..((((((((.....)).))))))..
16,0.0,sentrna,0.08522945296355112,26,-5.5,AGGCUUAUGUAAAAAACAAUAAGCAG,..((((((((.....)).))))))..
17,0.0,sentrna,0.08522945296355112,26,-5.5,AGGCUUAUGUAAAAAACAAUAAGCAG,..((((((((.....)).))))))..
18,0.0,sentrna,0.08522945296355112,26,-5.5,AGGCUUAUGUAAAAAACAAUAAGCAG,..((((((((.....)).))))))..
19,0.0,sentrna,0.08522945296355112,26,-5.5,AGGCUUAUGUAAAAAACAAUAAGCAG,..((((((((.....)).))))))..
12,0.0,erd,0.1709846765016911,26,-12.6,UCUCCCUCCCAAGGAGGAGAGGGAAG,..((((((((.....)).))))))..
13,0.0,erd,0.008188107219002498,26,-13.4,GCGGUGCGCCAAGUGGGACGCACCUU,..((((((((.....)).))))))..
14,0.0,erd,0.04718735606858039,26,-8.6,AAUCAUAGGCGAAGAGCGCUAUGACU,..((((((((.....)).))))))..
15,0.0,erd,0.0767510576785525,26,-10.0,UGGUCGGGGCCAGUUGCUUCCGACAA,..((((((((.....)).))))))..
15,0.0,rnainverse,0.001432596666913684,26,-16.5,AAGGCGGCCCUCUAUGGUGCCGCCAG,..((((((((.....)).))))))..
16,0.0,rnainverse,0.3176905505698464,26,-7.0,GACGGUUUGCGUCCGGCAAAGCUGCU,..((((((((.....)).))))))..
17,0.0,rnainverse,0.15739492462377888,26,-1.4,CUAAUGAAACCAGGUGUAUUCGUUCC,..((((((((.....)).))))))..
18,0.0,rnainverse,0.0013430675933607723,26,-15.9,AAGGCGGCCCAAACAGGUGCCGCCAA,..((((((((.....)).))))))..
19,0.0,rnainverse,0.0013666258502513682,26,-15.9,CAGCCCGGCCAAACAGGACCGGGCAA,..((((((((.....)).))))))..
16,0.0,rnaevol,0.0918583809813,15,-3.3,GCCGGGAAAACCAACCAAAAAAAAAGGGGC,(((((.....))..((.........)))))
17,0.0,rnaevol,0.116585796096,15,-3.3,GGCGCGAAAAGCAACGGAAAAAAAACGGCC,(((((.....))..((.........)))))
18,0.0,rnaevol,0.12547771926,15,-2.9,GCCCCUAAAUGGAAGCUAAAAAAAUGCGGC,(((((.....))..((.........)))))
19,0.0,rnaevol,0.129708753706,15,-3.3,GCCCCGAAAAGGAAGCGAAAAAAAAGCGGC,(((((.....))..((.........)))))
20,0.0,sentrna,0.2004700459041388,15,-1.0,CGCGGAAAAACCAACCAAAAAAAAAGGGCG,(((((.....))..((.........)))))
21,0.0,sentrna,0.2004700459041388,15,-1.0,CGCGGAAAAACCAACCAAAAAAAAAGGGCG,(((((.....))..((.........)))))
22,0.0,sentrna,0.16724552825308042,15,-1.9,GCCGGAAAAACCAACCAAAAAAAAAGGGGC,(((((.....))..((.........)))))
23,0.0,sentrna,0.2004700459041388,15,-1.0,CGCGGAAAAACCAACCAAAAAAAAAGGGCG,(((((.....))..((.........)))))
24,0.0,sentrna,0.24701219103997346,15,-1.9,GGCGGAAAAACCAACCAAAAAAAAAGGGCC,(((((.....))..((.........)))))
16,0.0,erd,0.17195454282468509,15,-3.9,GCCGCGAGAAGCAAGGGAUAGAGUACCGGC,(((((.....))..((.........)))))
17,0.0,erd,0.21106152358524716,15,-3.3,GCCCCGGACAGGAAGCGAUAUCACAGCGGC,(((((.....))..((.........)))))
18,0.0,erd,0.18602303124526606,15,-3.8,GCCGCUUACUGCAUGGGAUAAAAUACCGGC,(((((.....))..((.........)))))
19,0.0,erd,0.2517383372545773,15,-4.1,GCCGGGAAUACCAACCGAUAACCAAGGGGC,(((((.....))..((.........)))))
20,6.0,rnainverse,0.31086652862765657,15,-2.2,GAUGCUAAUUGCGAGGGAAGAUGAACCAUC,...((.....))..((.........))...
21,10.0,rnainverse,0.3766489499919644,15,-1.6,UGAAGCCACGCUACGCACCAGAAAUGCUCA,...(((...)))..(((.......)))...
22,0.0,rnainverse,0.11658579609572305,15,-3.3,GGCGCGAAAAGCAACGGAAAAAAAACGGCC,(((((.....))..((.........)))))
23,0.0,rnainverse,0.12970875370571186,15,-3.3,GCCCCGAAAAGGAAGCGAAAAAAAAGCGGC,(((((.....))..((.........)))))
24,10.0,rnainverse,0.5189057362104258,15,-1.6,GUAGCGUUGGGCAGGUGGAGUGUUGAUUAC,...((.....))..................
20,0.0,rnaevol,0.00126241266838,30,-20.7,AGGGCGCCCGGCAAAGCCGGAACAGCGCCCA,.(((((((((((...)))))....)))))).
21,0.0,rnaevol,0.00126691547931,30,-20.8,AGGCGGCGCGCCAAAGGCGCAAAAGCCGCCA,.(((((((((((...)))))....)))))).
22,0.0,rnaevol,0.00127753440019,30,-21.5,CGGGGGCCCGGCAAAGCCGGAAUAGCCCCCA,.(((((((((((...)))))....)))))).
23,0.0,rnaevol,0.00126130110432,30,-20.7,AGGCGGCCCGGCAAGGCCGGAAAAGCCGCCA,.(((((((((((...)))))....)))))).
25,0.0,sentrna,0.0025208719506288812,30,-11.3,AGCUUAGGCAUCAAAGAUGCAAAACUAAGCA,.(((((((((((...)))))....)))))).
26,0.0,sentrna,0.0025208719506288812,30,-11.3,AGCUUAGGCAUCAAAGAUGCAAAACUAAGCA,.(((((((((((...)))))....)))))).
27,0.0,sentrna,0.0025208719506288812,30,-11.3,AGCUUAGGCAUCAAAGAUGCAAAACUAAGCA,.(((((((((((...)))))....)))))).
28,0.0,sentrna,0.0025208719506288812,30,-11.3,AGCUUAGGCAUCAAAGAUGCAAAACUAAGCA,.(((((((((((...)))))....)))))).
29,0.0,sentrna,0.0025208719506288812,30,-11.3,AGCUUAGGCAUCAAAGAUGCAAAACUAAGCA,.(((((((((((...)))))....)))))).
20,0.0,erd,0.08001615817275273,30,-14.8,CGCGCGGGAGUACUGUGCUCCGCACCGCGCU,.(((((((((((...)))))....)))))).
21,0.0,erd,0.03758535992174609,30,-14.8,AACGCCUGACCGUCACGGUCGCCAAGGCGUG,.(((((((((((...)))))....)))))).
22,0.0,erd,0.0034706208005214033,30,-14.9,CGGCUGGGCAACUUUGUUGCGAUACCAGCCC,.(((((((((((...)))))....)))))).
23,0.0,erd,0.057418607491089166,30,-12.2,GUCGCCCGGAAUUAAAUUCCCAGAGGGCGGU,.(((((((((((...)))))....)))))).
25,0.0,rnainverse,0.0012745591647318425,30,-21.6,AGGGGGCGCGCCCUUGGCGCAAAAGCCCCCA,.(((((((((((...)))))....)))))).
26,0.0,rnainverse,0.07488780899979643,30,-13.6,AGGGUGGGCAAUAUCAUUGCCGGACCACCCG,.(((((((((((...)))))....)))))).
27,0.0,rnainverse,0.28291183202421843,30,-6.1,AAAACUGUGUGGGGGCCACAGACCUGGUUUG,.(((((((((((...)))))....)))))).
28,0.0,rnainverse,0.03551429567684346,30,-13.5,AGGCUUCUGAGGUGACCUCAUGGCGGAGCCA,.(((((((((((...)))))....)))))).
29,0.0,rnainverse,0.0012570282825497938,30,-20.8,AGCCGGCGCGCCCCUGGCGCAAAAGCCGGCA,.(((((((((((...)))))....)))))).
28,0.0,rnaevol,0.0725206427105,41,-5.1,GGGAAACCAGCGAAAGCACCGAAAGGACCGAAAGG,((....)).((....)).((....)).((....))
29,0.0,rnaevol,0.0733575116256,41,-5.5,GCGACAGCAGCGAAAGCAGGGAGACCAGGGAUACC,((....)).((....)).((....)).((....))
30,0.0,rnaevol,0.0601388284442,41,-5.7,GGGAAACCAGGGAAACCAGCGCAAGCACCGAAAGG,((....)).((....)).((....)).((....))
31,0.0,rnaevol,0.0633403699974,41,-5.7,GGGACACCAGGGAAACCAGCGAAAGCACCGAUAGG,((....)).((....)).((....)).((....))
35,0.0,sentrna,0.16434349029711676,41,-4.1,CGGAAACGAGGGAAACCAGGGAAACCAGCGAAAGC,((....)).((....)).((....)).((....))
36,0.0,sentrna,0.14330543137620244,41,-5.0,GGGAAACCAGCGAAAGCACCGAAAGGAGGGAAACC,((....)).((....)).((....)).((....))
37,0.0,sentrna,0.2152445805418698,41,-2.9,CGGAAACGACGGAAACGAGGGAAACCAGGGAAACC,((....)).((....)).((....)).((....))
38,0.0,sentrna,0.1940610845313133,41,-4.3,CCGAAAGGACCGAAAGGAGGGAAACCAGGGAAACC,((....)).((....)).((....)).((....))
39,0.0,sentrna,0.14216158599253956,41,-4.4,GGGAAACCACGGAAACGAGCGAAAGCACCGAAAGG,((....)).((....)).((....)).((....))
25,0.0,erd,0.2514823483085617,41,-4.3,GCGAAAGCACCAAAUGGGCCGUUAGGAGGGAGACC,((....)).((....)).((....)).((....))
26,0.0,erd,0.23578196549711491,41,-3.8,GGGAAACCACCACAUGGGGCAUUAGCAGCGAAGGC,((....)).((....)).((....)).((....))
27,0.0,erd,0.15898531536186633,41,-5.0,GGGAGACCACCGACGGGAGCGAGAGCAGCGAGAGC,((....)).((....)).((....)).((....))
28,0.0,erd,0.19453945552711907,41,-4.7,GCGUGAGCGGCAAAAGCGGGGGGACCAGGGAAACC,((....)).((....)).((....)).((....))
35,4.0,rnainverse,0.11478519246341103,41,-5.3,GCGAAGGCAGCGAAGGCAGGGACACCAGGAAAUCC,((....)).((....)).((....)).........
36,10.0,rnainverse,0.45656396806567745,41,-2.8,CGUUCACGACCGUCAGGCCUAGUAAGGGAGUCAUC,.........((....))(((....)))........
37,8.0,rnainverse,0.31412651523559326,41,-1.5,UCUAAUGACUCGAAAGAUGCGCAAGCUGGGAAACC,..................((....)).((....))
38,10.0,rnainverse,0.4534171993945603,41,-3.4,UCUCAUGAGUAGAAAUACGCUAGCGCGGGGUAACC,.................(((....)))((....))
39,0.0,rnainverse,0.11537748432647936,41,-5.6,GGGAAACCAGCGAAAGCAGCGAAGGCAGGGAAACC,((....)).((....)).((....)).((....))
32,2.000000000003,rnaevol,0.12314309456,66,-7.7,ACCAGCAGCGACCUGACACAGGAGCGAGCCAACGGG,.((.((.((..((((...)))).))..))....)).
33,2.000000000003,rnaevol,0.137350755122,66,-7.2,AGCAGCAGCGACGUCAAAGACGAGCAGGCCAUAGCA,.((.((.((..((((...)))).))..))....)).
34,2.000000000003,rnaevol,0.144672922582,66,-8.2,AGCAGCAGCAAGGUCAAAGACCGGCGAGCCAAAGCA,.((.((.((..((((...)))).))..))....)).
35,2.000000000003,rnaevol,0.152687974681,66,-7.4,AGCAGCACGAGGGAGCAACUCCACGGAGCCAAAGCA,.((.((.((..((((...)))).))..))....)).
55,8.0,sentrna,0.31371876868926507,66,-8.5,AGCACCAGGAACCGGAAACGGGACCAAGGAAAAGCA,....((.((..(((....)))..))..)).......
56,8.0,sentrna,0.3889688888814667,66,-7.4,ACGACGACCAACCGGAAACGGGAGGAACGAAAACGA,....((.((..(((....)))..))..)).......
57,6.0,sentrna,0.42223843173410536,66,-4.6,AGCAGCAGCAAGCGGAAACGGCAGCAAGCAAAAGCA,.((.((.((...((....)))).))..)).......
58,12.0,sentrna,0.372883308337617,66,-7.8,AGCACGAGCAACCGGAAACGGGAGCAACGAAAAGCA,.......((..(((....)))..))...........
59,8.0,sentrna,0.2809835717537704,66,-5.1,AGCACCACGAACCGCAAAGGGGACGAAGGAAAAGCA,....((.((..((......))..))..)).......
29,6.0,erd,0.27921736946167885,66,-7.7,ACCACCGGGGAGCGCGUUGGGCACCAAGGAGUAGGG,....((..((.((.(...).)).))..)).......
30,2.0,erd,0.37369788893172506,66,-9.7,AGCGGCGGCAAGGGGUAUCGCCGGCAAGCCAAAGCA,.(((((.((..((.(...).)).))..)))...)).
31,2.0,erd,0.2777218312024133,66,-9.1,GGCACCACCAAGCGCGAUGGGCGGGGCGGAGAAGCG,.((.((.((..((.(...).))..)).))....)).
32,4.0,erd,0.31159333379906273,66,-6.1,ACCAGCAGCAAGGUCACCGUCCGGCGAGCAUAGGGC,.((.((.((..((.......)).))..))...))..
40,2.0,rnainverse,0.177768128554262,66,-2.7,UGGUCGUGCUUGGUCUCUGUCCUGCUUCGUUUUCCG,.((.((.((..((.......)).))..))....)).
41,4.0,rnainverse,0.3655965277070776,66,-3.6,CCUCUGCGCGAUCGGAAACUGAGGCACCAUAUGAGU,.(((((.((..((((...)))).))..))...))).
42,6.0,rnainverse,0.365648907976728,66,-1.4,ACGUGGAUGAAGCCCUAAGAGCGCAGACCUAAUCGG,....((.((..((.......)).))..)).......
43,8.0,rnainverse,0.4089369362211946,66,-4.7,CCUCGGAUGGCGUCCUUUGUGCCCAGACUGCUUAGG,((((((.(((.((.......)))))..)))...)))
44,10.0,rnainverse,0.307586643599872,66,-1.6,CGCCGCUGCUCGACGUCCCAUCUGCCUGCCUAUGCU,....((.((..............))..)).......
36,0.0,rnaevol,0.00164871667539,11,-28.6,GGCGGCGCCGCGGGCGAUAGCCCGACGAGGGCCGCC,((((((.((((((((....))))).)).).))))))
37,0.0,rnaevol,0.00171234156922,11,-27.8,GGCGGCGCCGCCGGCAUAAGCCGGACGAGGGCCGCC,((((((.((((((((....))))).)).).))))))
38,0.0,rnaevol,0.0017015442166,11,-27.9,GGCGGCGCCGCGCGGGUAACCGCGACGAGGGCCGCC,((((((.((((((((....))))).)).).))))))
39,0.0,rnaevol,0.00164868188169,11,-26.5,GCCGACGCCGCCGCCGGAAGGCGGACGAGGGUCGGC,((((((.((((((((....))))).)).).))))))
45,0.0,sentrna,0.002814305966489097,11,-23.8,GGGUAGGGCGGCCUCGAAAGAGGCACGACGCUACCC,((((((.((((((((....))))).)).).))))))
46,0.0,sentrna,0.004513438618199454,11,-18.4,GCUUAGGCGCGCAUCGAAAGAUGCAGCAGGCUAAGC,((((((.((((((((....))))).)).).))))))
47,0.0,sentrna,0.002742510335856065,11,-19.2,GGUUAGGGCCGCAUCGAAAGAUGCAGGACGCUAACC,((((((.((((((((....))))).)).).))))))
48,0.0,sentrna,0.00630427893065794,11,-22.3,GCGUACGGGCGCCUCGAAAGAGGCAGCACGGUACGC,((((((.((((((((....))))).)).).))))))
49,0.0,sentrna,0.005839141436962409,11,-21.7,GCUUGGGCAGGCACCGAAAGGUGCACUAGGCCAAGC,((((((.((((((((....))))).)).).))))))
33,0.0,erd,0.31474958123951474,11,-20.4,GCAGGCUCCCCAGGGAGAGCCCUGUGGAGCGCUUGC,((((((.((((((((....))))).)).).))))))
34,0.0,erd,0.012147005080369342,11,-16.1,GGGGGAAGCCAAUUGAAAACAAUUCGGACAUCCCCC,((((((.((((((((....))))).)).).))))))
35,0.0,erd,0.1876053918927777,11,-16.3,GGGGCUGGGCGUAGCGAUCGUUAUGGCGCGGGUCCC,((((((.((((((((....))))).)).).))))))
36,0.0,erd,0.005841346763514647,11,-26.0,CCGCGGUCCGGGCCCAGCUGGGCCGCGCGUCCGCGG,((((((.((((((((....))))).)).).))))))
45,0.0,rnainverse,0.001768021601151337,11,-26.3,GGCCGGCGCCCUCCCGUAAGGGAGUGGACACCGGCC,((((((.((((((((....))))).)).).))))))
46,0.0,rnainverse,0.012613828419700698,11,-16.8,GGUCUGUCUCUGACCAAAGGGUCACGACGUCGGACC,((((((.((((((((....))))).)).).))))))
47,2.0,rnainverse,0.48996576975813877,11,-2.8,AUCUUUCUUCUGGUCUCGGGGUCAUGAUAUAAGGAU,((((((..(((((((....))))).))...))))))
48,0.0,rnainverse,0.2941924277096502,11,-4.5,GAUGAUGAACUUCGGUUUCUCGGGCGUCUGGUUAUU,((((((.((((((((....))))).)).).))))))
49,0.0,rnainverse,0.0016376224856152401,11,-27.3,GGCGGCGCCGCUCCCGCCAGGGAGACGAGGGCCGCC,((((((.((((((((....))))).)).).))))))
40,0.0,rnaevol,0.00030759140283,3,-19.0,GCCCCGACCGCGAAAGCGGCGGCGGCAAAAAAAAAA,((((((.((((....))))))).)))..........
41,0.0,rnaevol,0.000322781864861,3,-19.8,GCCCCGCGCCCGAAAGGGCCGGAGGCAAAAAAAAAA,((((((.((((....))))))).)))..........
42,0.0,rnaevol,0.000300369040148,3,-19.0,GGCCGGACCGCGAAAGCGGCCGCGCCAACAAAAAAC,((((((.((((....))))))).)))..........
43,0.0,rnaevol,0.000306882350321,3,-18.3,GCCCAGAGCCCGAAAGGGCCUGCGGCAAAGAAAAAA,((((((.((((....))))))).)))..........
40,0.0,sentrna,0.05718129480167365,3,-10.1,GAUGAGAGAUCGAAAGAUCCUCAAUCAAAAAAAAAA,((((((.((((....))))))).)))..........
41,0.0,sentrna,0.05718129480167365,3,-10.1,GAUGAGAGAUCGAAAGAUCCUCAAUCAAAAAAAAAA,((((((.((((....))))))).)))..........
42,0.0,sentrna,0.05718129480167365,3,-10.1,GAUGAGAGAUCGAAAGAUCCUCAAUCAAAAAAAAAA,((((((.((((....))))))).)))..........
43,0.0,sentrna,0.05718129480167365,3,-10.1,GAUGAGAGAUCGAAAGAUCCUCAAUCAAAAAAAAAA,((((((.((((....))))))).)))..........
44,0.0,sentrna,0.05718129480167365,3,-10.1,GAUGAGAGAUCGAAAGAUCCUCAAUCAAAAAAAAAA,((((((.((((....))))))).)))..........
37,0.0,erd,0.22221934787084102,3,-9.2,CAGGUAAGGAGUUCGCUCCUGCUCUGCCAGACCCAA,((((((.((((....))))))).)))..........
38,0.0,erd,0.05844488195764409,3,-14.0,ACACGGAGGCCAUCUGGCCCCGAUGUGAUACUAUCG,((((((.((((....))))))).)))..........
39,0.0,erd,0.003804801157446575,3,-16.2,GGGCUCAUCCCUCAUGGGAGAGACCCAUAAUUUGUG,((((((.((((....))))))).)))..........
40,0.0,erd,0.043367532035849685,3,-14.6,CCAGAGUGGGGGAAUCCCCCUCGUGGAUGCAACAAU,((((((.((((....))))))).)))..........
50,0.0,rnainverse,0.00026333317940970403,3,-19.8,GGCCGGACCGCCUCGGCGGCCGUGCCAAUUACCCCC,((((((.((((....))))))).)))..........
51,0.0,rnainverse,0.3181406624648685,3,-6.8,CACUAAUCUGGUUCACCGGUUAUGUGGGAGCAACAC,((((((.((((....))))))).)))..........
52,0.0,rnainverse,0.0002716002296368128,3,-19.6,GGCCCGACCGCUCCGGCGGCGGUGCCAAAAAAAAAA,((((((.((((....))))))).)))..........
53,0.0,rnainverse,0.07034671745919856,3,-12.1,GGUCGGCGGUGGCAGCGCCCUGAACCUUAGGGAUGG,((((((.((((....))))))).)))..........
54,0.0,rnainverse,0.6021343904270029,3,-2.1,CGAUUGAUGAUCGCCGUUACAACUCGCUGUCUGUUU,((((((.((((....))))))).)))..........
48,0.0,rnaevol,0.00061747838641,40,-20.3,AAGCCCGGCCGAAAAGGCCGCACGAGAAGUGCGGGCAA,..((((((((.....))))((((.....))))))))..
49,0.0,rnaevol,0.000599090782345,40,-22.4,CAGGGCGGCCGAAAAGGCCGGGCUAAUUGCCCGCCCAA,..((((((((.....))))((((.....))))))))..
50,0.0,rnaevol,0.000674177497832,40,-21.6,ACGGCCGGGCAACAAGCCCGCCCUAUCUGGGCGGCCAA,..((((((((.....))))((((.....))))))))..
51,0.0,rnaevol,0.000618921511487,40,-20.3,AAGCCCGGCCGUAAAGGCCGCACGAACAGUGCGGGCAA,..((((((((.....))))((((.....))))))))..
60,0.0,sentrna,0.002070741737536833,40,-16.7,AGGGCCGGUCAAAAAGACCGCUCAAAAAGAGCGGCCAG,..((((((((.....))))((((.....))))))))..
61,0.0,sentrna,0.01952290467089507,40,-12.1,AGGAUGGAUCAAAAAGAUCGGGCAAAAAGCCCCAUCAG,..((((((((.....))))((((.....))))))))..
62,0.0,sentrna,0.03434800438842095,40,-10.2,AGGAUCCCUCAAAAAGAGGCGUCAAAAAGACGGAUCAG,..((((((((.....))))((((.....))))))))..
63,0.0,sentrna,0.011858487858092962,40,-11.4,AGGAGCGAUCAAAAAGAUCCGUCAAAAAGACGGCUCAG,..((((((((.....))))((((.....))))))))..
64,0.0,sentrna,0.004468676513167769,40,-12.6,AGGCUCGAUCAAAAAGAUCGCUCAAAAAGAGCGAGCAG,..((((((((.....))))((((.....))))))))..
42,0.0,erd,0.1888149213470794,40,-14.3,UCCCCACCCUGCAAAAGGGGGGUCAGAUGCCCUGGGAA,..((((((((.....))))((((.....))))))))..
43,0.0,erd,0.05146162134628098,40,-10.5,AGGGCCGUACUUAUUGUACGUUGUGAAUCAACGGCUAA,..((((((((.....))))((((.....))))))))..
44,0.0,erd,0.15091521500494523,40,-19.4,UGCCCCGGGCUCUUUGCCCGCGGCCUAUCCGCGGGGAA,..((((((((.....))))((((.....))))))))..
45,0.0,erd,0.06970776468395992,40,-10.0,UUUUCCCCGGGAAUACCGGAGUGGCGAACAUUGGAAUA,..((((((((.....))))((((.....))))))))..
60,0.0,rnainverse,0.0008842621039158314,40,-21.7,UCGGGCGGGCGAAAAGCCCGGCCAUAUAGGCCGCCCUU,..((((((((.....))))((((.....))))))))..
61,0.0,rnainverse,0.3264979173664518,40,-8.6,AGGGUUCCUGAGGUGUAGGGCGCGGUGUGCGUAGCCGU,..((((((((.....))))((((.....))))))))..
62,0.0,rnainverse,0.0006229734805821194,40,-20.3,AAGCCCGCCCGAAAAGGGCGCUCUAAAUGAGCGGGCAG,..((((((((.....))))((((.....))))))))..
63,2.0,rnainverse,0.4191986156012115,40,-2.1,UGACUUAGUGCGCGCCACUUUUCCCGGAGAAAAAGUUG,.(((((((((.....))))((((.....))))))))).
64,2.0,rnainverse,0.4715335673797121,40,-9.9,UCUUGCACGGCCCUACCGUCGGUGCCUAACUGGCAGGC,.(((((((((.....))))((((.....))))))))).
52,2.000000000003,rnaevol,0.0311105372352,65,-11.6,AGGCGGGAAAAAAACGCGGGAAGCCGCAACGCCAAACGAG,.((((..........((((....))))..)))).......
53,2.000000000003,rnaevol,0.0316643676415,65,-11.9,AGCCGGGAAAUAAACGCCGGAAACGGCAACGGCAACAAAA,.((((..........((((....))))..)))).......
54,2.000000000003,rnaevol,0.0308550994762,65,-12.6,CGCCGGGAAAAAAACGCCCGAAAGGGCAACGGCAACAAAA,.((((..........((((....))))..)))).......
55,2.000000000003,rnaevol,0.0315937265203,65,-11.5,GCCGGGGAAAAAAACGGGCACAAGCCCAACCGGAAGAAAA,.((((..........((((....))))..)))).......
65,2.0,sentrna,0.05055985767289709,65,-11.3,ACCGCGAAAAAAAACCCGCGAAAGCGGAAGCGGAAAAAAA,.((((..........((((....))))..)))).......
66,2.0,sentrna,0.04863249554001054,65,-12.4,AGGCGCAAAAAAAAGGCCCGAAAGGGCAACGCCAAAAAAA,.((((..........((((....))))..)))).......
67,2.0,sentrna,0.05041244468752053,65,-12.5,AGGCCCAAAAAAAAGCCCGGAAACGGGAAGGCCAAAAAAA,.((((..........((((....))))..)))).......
68,2.0,sentrna,0.050633167576655425,65,-13.2,AGGGGCAAAAAAAAGGGGCGAAAGCCCAACCCCAAAAAAA,.((((..........((((....))))..)))).......
69,2.0,sentrna,0.04889502709286725,65,-11.7,AGGCGCAAAAAAAAGGCCGGAAACGGCAACGCCAAAAAAA,.((((..........((((....))))..)))).......
46,2.0,erd,0.2039049919606942,65,-12.5,CGCCCCGCCUAACAGGGCCAAAAGGCCAAGGGCAAAAAGA,.((((..........((((....))))..)))).......
47,2.0,erd,0.09857798742345719,65,-12.6,AGCCCCUAUUUAUUGGCGGGUAACCGCAAGGGCAAUUAGG,.((((..........((((....))))..)))).......
48,2.0,erd,0.2914059468425275,65,-11.4,GGCCCGGCCUUGUACGGAGGGAACUCCAAGGGCAUGUAAC,.((((..........((((....))))..)))).......
49,2.0,erd,0.12167327672939483,65,-11.1,CGGCCCGGCAAAUAGGCUGGAAACAGCAAGGCCACAAAAU,.((((..........((((....))))..)))).......
65,2.0,rnainverse,0.40913808516093314,65,-6.0,GGUCAUAAGGAUUAACGAGGCUGCUCGCUUGACGGUAGGC,.((((..........((((....))))..)))).......
66,4.0,rnainverse,0.45575348552733236,65,-6.5,GUCAACAACUGGACGGAGCGUGAGCUUAAUUGACAUCUCC,(((((..........((((....))))..)))))......
67,2.0,rnainverse,0.0309079056702239,65,-12.4,AGGCGGGAAAAAAACGGGCUAAUGCCCAACGCCAAAAAAA,.((((..........((((....))))..)))).......
68,2.0,rnainverse,0.33757038408768547,65,-4.8,AUGGCGGCCCUGAACGAUGUACGCAUCACGCUAGUACCUG,.(((((.........((((....)))).))))).......
69,2.0,rnainverse,0.050801569598647255,65,-11.4,AGCGGAUUUCAACUUGCCCUUAUGGGCCCCCGCAACAAAA,.((((..........((((....))))..)))).......
56,0.0,rnaevol,0.0273484294311,20,-29.7,GCCGGGGAGAGACACCACGCCAAAAGGCGUGGGCCCCCCGGC,(((((((.(.(.(.(((((((....)))))))))))))))))
57,0.0,rnaevol,0.0270220846973,20,-30.6,GGGGCCGCGAGACACCCGCAGGAAACUGCGGGGCCCGGCCCC,(((((((.(.(.(.(((((((....)))))))))))))))))
58,0.0,rnaevol,0.0268974726187,20,-30.5,GCCCAGGCGAGACACCCCCGCAAAAGCGGGGGGCCCCUGGGC,(((((((.(.(.(.(((((((....)))))))))))))))))
59,0.0,rnaevol,0.0273803925471,20,-30.2,GCCGCGGAGAGACACACCGGCUACGGCCGGUGGCCCCGCGGC,(((((((.(.(.(.(((((((....)))))))))))))))))
70,0.0,sentrna,0.05657705156615205,20,-16.2,GCUUAUCAGAGAGAGCUUAUCGAAAGAUAAGCCCCGAUAAGC,(((((((.(.(.(.(((((((....)))))))))))))))))
71,0.0,sentrna,0.05657705156615205,20,-16.2,GCUUAUCAGAGAGAGCUUAUCGAAAGAUAAGCCCCGAUAAGC,(((((((.(.(.(.(((((((....)))))))))))))))))
72,0.0,sentrna,0.05657705156615205,20,-16.2,GCUUAUCAGAGAGAGCUUAUCGAAAGAUAAGCCCCGAUAAGC,(((((((.(.(.(.(((((((....)))))))))))))))))
73,0.0,sentrna,0.05657705156615205,20,-16.2,GCUUAUCAGAGAGAGCUUAUCGAAAGAUAAGCCCCGAUAAGC,(((((((.(.(.(.(((((((....)))))))))))))))))
74,0.0,sentrna,0.05657705156615205,20,-16.2,GCUUAUCAGAGAGAGCUUAUCGAAAGAUAAGCCCCGAUAAGC,(((((((.(.(.(.(((((((....)))))))))))))))))
50,0.0,erd,0.07716550777838427,20,-24.1,GACGAGCUGAGAGAGGCGCCGGUCUUGGCGCCCCCGCUCGUC,(((((((.(.(.(.(((((((....)))))))))))))))))
51,0.0,erd,0.08024083319001421,20,-21.3,GAAGCCCACAGACACCCGGUCUAAGGGCCGGGGCGGGGUUUU,(((((((.(.(.(.(((((((....)))))))))))))))))
52,0.0,erd,0.06649397531314535,20,-27.4,UGCGGGUACAGAGUGGGCGGCGCCCGCCGCCCCCGACCCGCA,(((((((.(.(.(.(((((((....)))))))))))))))))
53,0.0,erd,0.02906692173978374,20,-25.9,CCCACUGCGUGUGACCCUGGCACAAGCCGGGGCCCCAGUGGG,(((((((.(.(.(.(((((((....)))))))))))))))))
70,0.0,rnainverse,0.027183747908657026,20,-32.6,GGCCCGGUGUGUGACCGGCCCUUAUGGGCCGGCCCCCGGGCC,(((((((.(.(.(.(((((((....)))))))))))))))))
71,0.0,rnainverse,0.02718679136782476,20,-32.6,GCCCCGGUGUGUGACCGGGCCUCAUGGCCCGGCCCCCGGGGC,(((((((.(.(.(.(((((((....)))))))))))))))))
72,0.0,rnainverse,0.027816287173144355,20,-32.6,GGCCCGGUGUGUGUGCCCGCCUCAUGGCGGGCCCCCCGGGCC,(((((((.(.(.(.(((((((....)))))))))))))))))
73,0.0,rnainverse,0.28174097661335423,20,-11.9,CACGUGCACAGAGUGCGGGUCUGCUGAUUUGUCCGGUGCGUG,(((((((.(.(.(.(((((((....)))))))))))))))))
74,0.0,rnainverse,0.09206628620211207,20,-18.6,GGGAGCGCGUGACUCACAGGUCUCGAUCUGUGGCCCGUUCCC,(((((((.(.(.(.(((((((....)))))))))))))))))
60,0.0,rnaevol,0.00988621339124,33,-14.8,GAAUUAAGGGGAGGGGGCGGCAGGGAAACGUGGCGGCGCGUGCGC,.......(.(.(.(.(.((.((.(....).)).)).).).).).)
61,0.0,rnaevol,0.0102766052938,33,-13.5,AAAGAAAGGGGAGGGAGGCGGAGGGCAACGUCGGCGUGCGUGCGC,.......(.(.(.(.(.((.((.(....).)).)).).).).).)
62,0.0,rnaevol,0.012342369669,33,-11.7,AUUAGAAGGGGAGGGGGCGAGAGCGAAAGGUCACGGCGCGUGCGC,.......(.(.(.(.(.((.((.(....).)).)).).).).).)
63,0.0,rnaevol,0.010358986063,33,-15.6,ACAAAAAGGGGAGGGGGGCGAGGGGAGACGCUGGCGCGCGUGCGC,.......(.(.(.(.(.((.((.(....).)).)).).).).).)
80,0.0,sentrna,0.2138904942608968,33,-11.6,AAAAAAACGCAGGGACGGGGCCGCAAAAGGGGGCCGGACGCAGGG,.......(.(.(.(.(.((.((.(....).)).)).).).).).)
81,0.0,sentrna,0.11902477778053738,33,-11.0,AAAAAAACGCACGCAGGGGGCGGGAAAACGCGGCCGCAGGGAGGG,.......(.(.(.(.(.((.((.(....).)).)).).).).).)
82,0.0,sentrna,0.08468906030626136,33,-11.5,AAAAAAACGCAGGGAGGGCGCGGCAAAAGGCGGGCGCACGCAGGG,.......(.(.(.(.(.((.((.(....).)).)).).).).).)
83,0.0,sentrna,0.15210221443843855,33,-11.5,AAAAAAACGCACGCAGGCGGGCGCAAAAGGGCGCGGCAGGGAGGG,.......(.(.(.(.(.((.((.(....).)).)).).).).).)
84,0.0,sentrna,0.09792303573975052,33,-11.0,AAAAAAACGCAGGGAGGGCGCGGGAAAACGCGGGCGCACGCAGGG,.......(.(.(.(.(.((.((.(....).)).)).).).).).)
54,0.0,erd,0.4508073790762751,33,-11.9,UGUGAUUCGAGCGCGGUCCGCCGCGAGUGGGGAGGUCGGGGGUGG,.......(.(.(.(.(.((.((.(....).)).)).).).).).)
55,0.0,erd,0.10141866792371887,33,-14.4,AACAGGACGCGCGCGCGCCAGCUCGAAAGCGCCGGGGGGGGGGGG,.......(.(.(.(.(.((.((.(....).)).)).).).).).)
56,0.0,erd,0.13820314008025325,33,-14.2,AUUUUAUGGCGCGGGGGCGACCGCGGAAGGGGACGGCGCGGGGGC,.......(.(.(.(.(.((.((.(....).)).)).).).).).)
57,0.0,erd,0.10577717106026632,33,-14.4,CUGAAGACGUGGGGGAGGGGGGUCGUCAGUCCGCCGUGCGCGAGG,.......(.(.(.(.(.((.((.(....).)).)).).).).).)
75,4.0,rnainverse,0.5428235745780161,33,-8.7,GUUAGUGUUGACCCGUUGUAGUGCGCAGGGAUCACUGGGGGCCGA,.......(((.(((.(.((.((.(....).)).)).).))).)))
76,4.0,rnainverse,0.4181824842952213,33,-7.0,CCUGCUCGCGGCCGUCUAUAGCGCUUUUGGGUAAUUGUCGGGUUC,.........(.(((.(.((.((.(....).)).)).).))).)..
77,0.0,rnainverse,0.27855695030708566,33,-4.6,AAAAAAACGCAGUCUCAGCCGCCCUAAUGUGCCGCCGUGUCCGGG,.......(.(.(.(.(.((.((.(....).)).)).).).).).)
78,4.0,rnainverse,0.0955728796259629,33,-7.1,AAAAAAACUGACGCGCAGAUUGGCUAAUGGCAUUCCGGGGGACUG,...........(.(.(.((.((.(....).)).)).).).)....
79,4.0,rnainverse,0.36622992438425567,33,-2.7,UAUCCGCUACCAAGCCUCCUAUCCUCGUGAAUCGGUGACUUUGUG,.......(((.(((.(.((.((.(....).)).)).).))).)))
64,0.0,rnaevol,0.00150018481128,10,-18.6,AAAAAAAAAACCGGGCAACCGGGAGCGAAAGCUCGGCCAAAGGCC,..........((((....))))((((....))))((((...))))
65,0.0,rnaevol,0.00150839042696,10,-19.8,AAAAAAAGAACCGCGAAAGCGGGCCCAAAAGGGCGGCCACAGGCC,..........((((....))))((((....))))((((...))))
66,0.0,rnaevol,0.00160372787118,10,-19.0,AAAAAAAAAACCGCAAAUGCGGGCCCAAGAGGGCGGCCAGAGGCC,..........((((....))))((((....))))((((...))))
67,0.0,rnaevol,0.00165688350838,10,-19.0,AAAAUUAAAACCGCAAACGCGGGGGCAAAAGCCCGGCCAUAGGCC,..........((((....))))((((....))))((((...))))
75,0.0,sentrna,0.049963878054606385,10,-8.3,AAAAAAAAAAGAUCGAAAGAUCAUAGGAAACUAUGAGCAAAGCUC,..........((((....))))((((....))))((((...))))
76,0.0,sentrna,0.04655965424264783,10,-10.3,AAAAAAAAAAGACCGAAAGGUCAUAGGAAACUAUGAGCAAAGCUC,..........((((....))))((((....))))((((...))))
77,0.0,sentrna,0.022752649623553643,10,-10.3,AAAAAAAAAAGGUCGAAAGACCAUAGGAAACUAUGCUCAAAGAGC,..........((((....))))((((....))))((((...))))
78,0.0,sentrna,0.06422790706677393,10,-7.4,AAAAAAAAAACGUCGAAAGACGAUAGGAAACUAUGAUCAAAGAUC,..........((((....))))((((....))))((((...))))
79,0.0,sentrna,0.04655965424264783,10,-10.3,AAAAAAAAAAGACCGAAAGGUCAUAGGAAACUAUGAGCAAAGCUC,..........((((....))))((((....))))((((...))))
58,0.0,erd,0.24804133967312636,10,-16.0,ACUAAACAUUCACCUCAAGGUGGGGCUUUUGCCCCGGCCGAGCCG,..........((((....))))((((....))))((((...))))
59,0.0,erd,0.38147611965511796,10,-4.7,AACCUGACACACUUUACGAAGUGACUUAUUAGUCGUGAACAUCAC,..........((((....))))((((....))))((((...))))
60,0.0,erd,0.5382606472437422,10,-7.5,UUCCUUACUCUCGCUAAUGUGACAAUACCAGUUGGCCCUUAGGGU,..........((((....))))((((....))))((((...))))
61,0.0,erd,0.07300347022874229,10,-15.6,CUCCGCUUAUCCGGGAAACCGGGCCCAACCGGGCUGCAGAAUGCA,..........((((....))))((((....))))((((...))))
80,0.0,rnainverse,0.31712819711220663,10,-10.0,AGUUGGCAGACCAGUGACCUGGCAUCAAUGGAUGACCCAUCGGGU,..........((((....))))((((....))))((((...))))
81,0.0,rnainverse,0.0013938273825242473,10,-21.2,AAAAAAAAAACCGCGACAGCGGGCCCUCCGGGGCGGCCUAUGGCC,..........((((....))))((((....))))((((...))))
82,0.0,rnainverse,0.0014547155415315187,10,-21.3,AAAAAAAAAAGGGCGAAGGCCCGGCCGAAAGGCCGCCCCAUGGGC,..........((((....))))((((....))))((((...))))
83,0.0,rnainverse,0.2684358703326892,10,-9.7,AUCAGGUGUACCACAGUAGUGGCGAGGGGUCUCGUCUCCGGGAGA,..........((((....))))((((....))))((((...))))
84,0.0,rnainverse,0.21398763075345478,10,-9.9,CAGUCAAGAUUCCUAGCCGGGAGAGGGCUACCUCCGCGUACCGUG,..........((((....))))((((....))))((((...))))
68,0.0,rnaevol,0.0200542564838,47,-9.1,CCACGAAAAAGCGGCAUAGCCAGGGAAACCAAAAAGAAAGCGUAUAGUGG,((((......(((((...))).((....)).........)).....))))
69,0.0,rnaevol,0.0129013463841,47,-10.3,GCGGAAAAAAGGGCCACAGGCAGCGAAAGCAAAAACAAACCGAAAGCCGC,((((......(((((...))).((....)).........)).....))))
70,0.0,rnaevol,0.0140318074379,47,-11.4,GGGCGAAAAAGGGCCAAAGGCAGCGAAAGCAAAAUAAAACCGACAAGCCC,((((......(((((...))).((....)).........)).....))))
71,0.0,rnaevol,0.0125572879172,47,-10.3,GCGGAAAAAAGGGCCAAAGGCAGCGAAAGCAAAAAAAAACCGAAAGCCGC,((((......(((((...))).((....)).........)).....))))
85,0.0,sentrna,0.15768201295218204,47,-3.1,GAUCAAAAAAGCGGGAAACCCAGGGAAACUAAAAAAAAAGCAAAAAGAUC,((((......(((((...))).((....)).........)).....))))
86,0.0,sentrna,0.08211286213764435,47,-5.7,GCGGAAAAAAGGCGGAAACCGACGGAAACGAAAAAAAAACCAAAAACCGC,((((......(((((...))).((....)).........)).....))))
87,0.0,sentrna,0.0568491041562711,47,-6.6,CCCGAAAAAAGCCGCAAAGCGACCGAAAGGAAAAAAAAAGCAAAAACGGG,((((......(((((...))).((....)).........)).....))))
88,0.0,sentrna,0.16400236151927866,47,-5.4,GACCAAAAAAGGGCCAAAGGCAGCGAAAGUAAAAAAAAACCAAAAAGGUC,((((......(((((...))).((....)).........)).....))))
89,0.0,sentrna,0.13773544317654707,47,-4.4,GAUCAAAAAACCGCGAAACGCAGGGAAACCAAAAAAAAAGGAAAAAGAUC,((((......(((((...))).((....)).........)).....))))
62,0.0,erd,0.1277785694795065,47,-6.9,UCCUAUAUACGCGGCUCAGCCAGGGUCACCACAAAUACAGCUCAAGAGGA,((((......(((((...))).((....)).........)).....))))
63,0.0,erd,0.12799426753498777,47,-9.3,GCCUAAUAAAGCGGGGGACCCAGGGUAACCAAAAAUGAAGCGGAAGAGGC,((((......(((((...))).((....)).........)).....))))
64,0.0,erd,0.20509826192915678,47,-7.9,CCAGGGAUGAGCGCCAUAGGCAGCGAAAGCACUUUCAAAGCAAAAACUGG,((((......(((((...))).((....)).........)).....))))
65,2.0,erd,0.3255470586770104,47,-11.6,GGCCGUGAAGGCGCCAAUGGCAGCGAAGGCACAUAAAAUGCGGAGAGGCC,((((.(....(((((...))).((....)).........))...).))))
85,9.0,rnainverse,0.4389350520878525,47,-6.6,ACGCUUUUGACCCCCCCAGGGACUGCAUGGCCCACUAUAGGAAUUUGUGU,((((......((......(((.((....)))))......)).....))))
86,12.0,rnainverse,0.423219436684054,47,-5.2,GGCUGAACCAUUUCCACUGGAAACAAGAGUAGUAUAUCCGAUCUCAGGCC,((((......(((((...)))))...(((.............))).))))
87,6.0,rnainverse,0.3130009292760487,47,-5.2,UGACAGACAAGAUGCACAGCAAGCGGAAGCAAAAGAACAUUGCAAGGUCA,((((......((((........((....)).......)))).....))))
88,6.0,rnainverse,0.3721973018349382,47,-4.2,GCCUCCAAAAGUUGCCUCGCACGUGUAAACGCCUACCUAAUACAUCAGGC,((((........(((...)))(((....)))...............))))
89,0.0,rnainverse,0.019769399759625553,47,-7.9,GCUGUUUUUUCCGGCCCCGCCAGCUCAUGCAAUAUAUAAGGUUUUUCAGC,((((......(((((...))).((....)).........)).....))))
72,0.0,rnaevol,0.126927801599,62,-7.9,AGCAGCAGGACCGAGGAGGCAGCAAAGCAAGCACCAGGAACCGAGCCAAAGCA,.((.((.((.((..((..((.((...))..)).)).))..))..))....)).
73,2.000000000003,rnaevol,0.0898638712321,62,-9.2,ACGAGCAGGACCGACGAGGCAGCAGAGCGAGCACGAGGAACCAGGCAAAUCGA,.(((((.((.((..((..((.((...))..)).)).))..))..))...))).
74,0.0,rnaevol,0.129778823375,62,-7.5,AGCAGCAGGAGGAACCGAGCACCAAAGGAAGCAGGACCGACCGAGCCAUAGCA,.((.((.((.((..((..((.((...))..)).)).))..))..))....)).
75,0.0,rnaevol,0.138722180355,62,-6.5,AGCAGCAGGAGGAAGCGACGACCAAAGGAACGAGCACCGACCGAGCCAAAGCA,.((.((.((.((..((..((.((...))..)).)).))..))..))....)).
90,14.0,sentrna,0.4568265842645536,62,-4.9,AGCACCAGCAGCAACCAAGCACGAAACGAAGCAGGAGCAAGCAAGGAAAAGCA,.((.((.((.....................)).)).))..((........)).
91,20.0,sentrna,0.36933232219882756,62,-5.3,ACGAGCACCACCAAGGAAGGAGCAAAGCAACCACCAGGAAGGAAGCAAAACGA,....((.((.........)).))...((..((........))..)).......
92,13.0,sentrna,0.3505896239727422,62,-2.1,AGGACCACCACGAACCAACCACGAAACGAAGGAGGACGAAGGAAGGAAAACCA,.((....)).....((..((.((...(......)..))..))..)).......
93,10.0,sentrna,0.4275812257371747,62,-4.9,ACGACCACCAGCAAGCAAGCAGCAAAGCAAGCAGCAGCAAGGAAGGAAAACGA,.(..((....((..((..((......))..)).)).....))..)........
94,4.0,sentrna,0.3291299904888514,62,-2.5,ACCACCACGAGCAAGGAAGCACCAAAGGAAGCACCAGCAACGAAGGAAAAGGA,....((.((.((..((..((.((...))..)).)).))..))..)).......
66,22.0,erd,0.4276269372759202,62,-12.2,ACCGGCAGCGCCGCGCGAGCAGGAAUCCAGGCAGCAGGAGGCAGGCAAAUGGG,..((((...)))).....((..(..(((........)))..)..)).......
67,4.0,erd,0.3735559629960705,62,-12.4,AGGGGCGGCGGCGAGCGAGCAGGGACCCGAGCGGCAGCAAGCAAGCGAUACCA,.((....((.((..((..((.((...))..))....))..))..))....)).
68,4.0,erd,0.3710566052756706,62,-10.6,UCCAGCACCAGCGAGCAGCCAGCGAAGCGAGGGGCAGCGAGGGAGCCAAAGGG,....((.((.((..((..((.((...))..)).)).))..))..)).......
69,2.0,erd,0.3326589393983389,62,-12.5,AGCAGCGGCAGGGAGCAGGCAGCUAAGCGAGCGGCACCAGGCAAGCCAAGGCA,.((.((.((..((.((..((.((...))..)).)).))..))..))....)).
90,25.0,rnainverse,0.44336047838747766,62,-2.9,CCCUGAGUCUGCUUCGCCGCUUCCCUGAUCGCACGUGCCUGAAAUCCAAUGGA,..........((......)).(((..(((..((......))..)))....)))
91,12.0,rnainverse,0.44217493111516953,62,-5.6,GUCUGUUCGGUGUAGAUUGCGGGAAACCUAGCUUCUUAAGUGUCAUAUGUGAC,((((((.((.(..(((..(((((...))).)).)))..).))..)))...)))
92,12.0,rnainverse,0.7076566728317718,62,-7.6,UGCGUUGAUGUCGGGCAAGUAGGAUUCCAGGCGGUUGGUCGUAGGACAUUGUG,...(((.(((.(.(((..((.((...))..)).))).).)))..)))......
93,8.0,rnainverse,0.6384264740844343,62,-6.4,UAGUGAACCUGUGAUCUUCGGGCAAUGCAACGUGACGCUUGGAAUCCUGUCUA,(((.((.((.(((.((..((.((...))..)).)))))..))..)))))....
94,31.0,rnainverse,0.5367059291185138,62,-5.0,AGCUGGACCUGCAAUCUUCGGCCUAUGGAACGUGACGCUUGGAACCUUAUGCA,.((((((.........))))))..............((.(((....))).)).
76,0.0,rnaevol,0.0151421057543,27,-35.5,AAAAAGCCCGAGACACGAGACGGGCGCCCGAAAGGGCGCCCGCCGGCCGGGCAAGAU,.....(((((.(.(.((.(.(((((((((....))))))))))))))))))).....
77,0.0,rnaevol,0.0146883178441,27,-32.1,AAAAAGACCGAGAGACGAGACCGGCCGCCUAAAGGCGGCCGGCCGCCCGGUCAGAAA,.....(((((.(.(.((.(.(((((((((....))))))))))))))))))).....
78,0.0,rnaevol,0.014113002511,27,-34.2,AAAAAGGCGGUGAGACGAGACCGGCGGGCCAAAGCCCGCCGGCCGCCCCGCCAAAAA,.....(((((.(.(.((.(.(((((((((....))))))))))))))))))).....
79,0.0,rnaevol,0.0138220689349,27,-34.0,AAAAAGCCAGUGAGACGAGACGCCCCGGCGAAAGCCGGGGCGCCGCCCUGGCAAGAC,.....(((((.(.(.((.(.(((((((((....))))))))))))))))))).....
95,0.0,sentrna,0.06736784761380839,27,-20.7,AAAAAGCAUCAGAGAGGAGAGCUUAUAUCGAAAGAUAUAAGCCCCCCGAUGCAAAAA,.....(((((.(.(.((.(.(((((((((....))))))))))))))))))).....
96,0.0,sentrna,0.06736784761380839,27,-20.7,AAAAAGCAUCAGAGAGGAGAGCUUAUAUCGAAAGAUAUAAGCCCCCCGAUGCAAAAA,.....(((((.(.(.((.(.(((((((((....))))))))))))))))))).....
97,0.0,sentrna,0.06736784761380839,27,-20.7,AAAAAGCAUCAGAGAGGAGAGCUUAUAUCGAAAGAUAUAAGCCCCCCGAUGCAAAAA,.....(((((.(.(.((.(.(((((((((....))))))))))))))))))).....
98,0.0,sentrna,0.06736784761380839,27,-20.7,AAAAAGCAUCAGAGAGGAGAGCUUAUAUCGAAAGAUAUAAGCCCCCCGAUGCAAAAA,.....(((((.(.(.((.(.(((((((((....))))))))))))))))))).....
99,0.0,sentrna,0.06736784761380839,27,-20.7,AAAAAGCAUCAGAGAGGAGAGCUUAUAUCGAAAGAUAUAAGCCCCCCGAUGCAAAAA,.....(((((.(.(.((.(.(((((((((....))))))))))))))))))).....
70,0.0,erd,0.08155282503028755,27,-19.6,CAAUGGUAGGUGUGACCGCGUCCGGAUUUGCUCGAGUCUGGAGGGCCCCUGCAAUAG,.....(((((.(.(.((.(.(((((((((....))))))))))))))))))).....
71,0.0,erd,0.05440716745733509,27,-30.1,GAAACCCGGGAGCGUGCACGACCGCGGGUUAAAACCCGCGGUGGCCCCCCGGUAAAU,.....(((((.(.(.((.(.(((((((((....))))))))))))))))))).....
72,0.0,erd,0.20052842640939209,27,-24.4,AACCAGCGGCCGCGUGGCGCGUCUAUGGCUUUUGCUGUAGGCCCCCCGCCGCACGAG,.....(((((.(.(.((.(.(((((((((....))))))))))))))))))).....
73,0.0,erd,0.05810310433571957,27,-31.4,AAAUCCGGGCACACACCACACGUGGGUGGGAUGCCGCCCGCGGGGGGGCCCGAAAAA,.....(((((.(.(.((.(.(((((((((....))))))))))))))))))).....
95,0.0,rnainverse,0.11295817818897422,27,-20.3,UCGUUGACUAAGCGCGGAGCUUGCAGGUCGCUGGACUUGCGACCCCCUAGUCGUGUU,.....(((((.(.(.((.(.(((((((((....))))))))))))))))))).....
96,0.0,rnainverse,0.020206537693945655,27,-35.1,AAAAAGCCGGUGCGCAGUGUGCCGGGGGCGUAGGCCCCCGGCCCUCCCCGGCAAAAA,.....(((((.(.(.((.(.(((((((((....))))))))))))))))))).....
97,0.0,rnainverse,0.08249948524999581,27,-13.9,CAUUCAGACGUGUGACACGUCAUGUUAAGCCGCCUUAAUAUGCUGCCCGUCUAGUUC,.....(((((.(.(.((.(.(((((((((....))))))))))))))))))).....
98,0.0,rnainverse,0.013676925180146841,27,-37.1,AAAAAGCCGGUGAGACGAGACCGGGGGGCCUCGGCCCCCCGGCCGCCCCGGCAAAAA,.....(((((.(.(.((.(.(((((((((....))))))))))))))))))).....
99,2.0,rnainverse,0.16704325077939852,27,-13.8,ACUGGCGGUUGCAGAGGAUAAUGUUGUUGGUAACAACGGCGUGCCCGAAUCGAAUAA,.....(((((.(.(.((...(((((((((....))))))))).))))))))).....
80,0.0,rnaevol,0.0247061807356,25,-10.8,GGCAAAAACCCAAAAAGCGAAAAACCCAAAAAGGCAUCACAAAGCCAGGGACGCAGGGAGCC,(((.....(((.....(((.....(((.....(((........))).))).))).))).)))
81,0.0,rnaevol,0.024845647859,25,-10.8,GCCAAGAACCCAAAAAGCGAAAAACCCAAAAAGCCAAAAAAAAGGCAGGGACGCAGGGAGGC,(((.....(((.....(((.....(((.....(((........))).))).))).))).)))
82,0.0,rnaevol,0.0259125849815,25,-10.8,GGCAAAAAGGGAAAAAGCGAAAAAGGGAAAAAGGCAAGAAAAAGCCACCCACGCACCCAGCC,(((.....(((.....(((.....(((.....(((........))).))).))).))).)))
83,0.0,rnaevol,0.0255643070297,25,-10.8,GCCAAAAACCCAAAAAGCGAAAAACCCAGAGAGGCAGUAAAAAGCCAGGGACGCAGGGAGGC,(((.....(((.....(((.....(((.....(((........))).))).))).))).)))
105,0.0,sentrna,0.1793473291240171,25,-4.8,GGGAAAAAGAGAAAAAGACAAAAAGAGAAAAAGGGAAAAAAAACCCACUCAGUCACUCACCC,(((.....(((.....(((.....(((.....(((........))).))).))).))).)))
106,0.0,sentrna,0.0727925546014217,25,-6.1,GCCAAAAAGAGAAAAAGCGAAAAAGGGAAAAAGAGAAAAAAAACUCACCCACGCACUCAGGC,(((.....(((.....(((.....(((.....(((........))).))).))).))).)))
107,0.0,sentrna,0.11597917834699695,25,-5.2,GGGAAAAAGAGAAAAAGGGAAAAAGAGAAAAAGACAAAAAAAAGUCACUCACCCACUCACCC,(((.....(((.....(((.....(((.....(((........))).))).))).))).)))
108,0.0,sentrna,0.24774651019943214,25,-7.1,CCCAAAAACGGAAAAAGAGAAAAAGGGAAAAACCGAAAAAAAACGGACCCACUCACCGAGGG,(((.....(((.....(((.....(((.....(((........))).))).))).))).)))
109,0.0,sentrna,0.07407781326952961,25,-7.8,CCCAAAAAGCGAAAAAGACAAAAACCGAAAAAGGCAAAAAAAAGCCACGGAGUCACGCAGGG,(((.....(((.....(((.....(((.....(((........))).))).))).))).)))
74,0.0,erd,0.41548628123852277,25,-11.8,GGCACGAAGGCAUUAAGGGAAAGAGGCUAAUUCGCGAUUAACGGCGCGCCGCCCAGCCAGCC,(((.....(((.....(((.....(((.....(((........))).))).))).))).)))
75,0.0,erd,0.23293026762809707,25,-12.6,GGGACAAAGGCGACAGGGGAAUAAGGCAGAAGGGCGUGAACAGGCCGGCCACCCAGCCACCC,(((.....(((.....(((.....(((.....(((........))).))).))).))).)))
76,2.0,erd,0.11115203200994403,25,-16.7,GCCUAAUUGCCCAAAAGCCGAAAACCCAAUACGCCGUUACAGAGGCAGGGAGGCGGGCUGGC,(((.....((((....(((.....(((.....(((........))).))).))))))).)))
77,2.0,erd,0.31560175635336263,25,-16.8,GCCAUAGAGCCCAGAAGCCGUACAGCCAGAAGGCCGAGUGAAAGGCAGGCAGGCGGGCAGGC,(((.....((((....(((.....(((.....(((........))).))).))))))).)))
100,0.0,rnainverse,0.11422151095131143,25,-9.0,CCCAAAAAGCGAAAAAGCCUUAUUCCGAAAAACGCAAAAAACAGCGACGGUGGCACGCAGGG,(((.....(((.....(((.....(((.....(((........))).))).))).))).)))
101,13.0,rnainverse,0.5151319065572272,25,-10.3,UGCUGAAGCGGGAUAGUCCGACAGGAUGUAGGAGGGACGUGAACCUAGUUAGGAGCCGAGCA,((((....(((....((((....)))).....(((........))).........)))))))
102,6.0,rnainverse,0.5245233399086131,25,-7.4,GGACGUUGGGUUAAACACAUCAUCGGAUGAUCUCUUCGAACAUAGAAUCCUUGUGACCGUCU,((((....(((....((((.....((((....(((........))))))).)))))))))))
103,6.0,rnainverse,0.44518524460283626,25,-5.2,UGAAUUGUAGCUCCUAGGGCGACCAGUAAUAUACGAACCGCAACGUCACUUCCCCGCUUUCA,((((....(((.....(((.((..(((.....(((........))).)))))))))))))))
104,0.0,rnainverse,0.036751934166587855,25,-8.8,CCCAAAAACGCAAAAAGCCAAAAAGACAAAAACCGGAAAAAAACGGAGUCAGGCAGCGAGGG,(((.....(((.....(((.....(((.....(((........))).))).))).))).)))
84,2.000000000003,rnaevol,0.0317546379395,67,-6.2,AAAAUAGGAACAAAAGCGGCAAACAGCCGAAAGAAAAACGAGGAAAUAAAAAACAAAAAAA,................((((.....))))................................
85,2.000000000003,rnaevol,0.0328272697946,67,-5.9,AAAAAUCAAAUAAAAAGGACGCAGAGUCCGAAAAAAAAGAAAAAAAAAGAAAAAAAUAAGA,................((((.....))))................................
86,2.000000000003,rnaevol,0.0317469969827,67,-6.0,AAGACAGGAAAAAAAACCGCAAAAAGCGGAAAACAAAACAAAAAGAAUAAAAAAAACGAAC,................((((.....))))................................
87,2.000000000003,rnaevol,0.0330442851006,67,-6.5,AACCAACAAAAAAAAAGCGCAAAUAGCGCAACAAGAAAGAAAAAAAAAAAAAAGAAAAAGA,................((((.....))))................................
100,2.0,sentrna,0.03352394886051451,67,-6.0,AAAAAACAAAAAAAAAGCCGAAAAACGGCAAAAAAAAAGAAAAAAAAAAAAAAAAAAAAAA,................((((.....))))................................
101,2.0,sentrna,0.03279158853050454,67,-7.3,AAAAAACAAAAAAAAAGGCCAAAAAGGCCAAAAAAAAAGAAAAAAAAAAAAAAAAAAAAAA,................((((.....))))................................
102,2.0,sentrna,0.0328266754454277,67,-6.5,AAAAAACAAAAAAAAAGCGCAAAAAGCGCAAAAAAAAAGAAAAAAAAAAAAAAAAAAAAAA,................((((.....))))................................
103,2.0,sentrna,0.03272495318385555,67,-6.5,AAAAAAGAAAAAAAAAGCGCAAAAAGCGCAAAAAAAAACAAAAAAAAAAAAAAAAAAAAAA,................((((.....))))................................
104,2.0,sentrna,0.03396673573121473,67,-5.5,AAAAAACAAAAAAAAACCCGAAAAACGGGAAAAAAAAAGAAAAAAAAAAAAAAAAAAAAAA,................((((.....))))................................
78,2.0,erd,0.19626728319360023,67,-7.6,ACCACCGGAAUAAAAAGGCCGGGCAGGCCCUGAAAAUGCAAAAAUACAAUUGACUACUAAA,................((((.....))))................................
79,2.0,erd,0.14021874388863304,67,-8.2,AUGAAAGGAAGUUAAGGGGCGCCCAGCCCGGACCUAAACACGAAGAAAACUAAAUACUAAA,................((((.....))))................................
80,2.0,erd,0.13348848801641017,67,-7.1,GUCAGUCGAAGCUAAGCGCCUCUAUGGCGGGUAAAUGGGAAGAAAAAAAAGAAACGAGAGC,.....((.........((((.....)))).........)).....................
81,2.0,erd,0.09572460031612867,67,-6.1,CAAAUCGGAGACUCAAAGGCGGCAGGCCUGAAACAAAACAUCAUUAAUUAUCGUAACCCUA,................((((.....))))................................
105,2.0,rnainverse,0.028104829929338902,67,-6.2,AAAACAGGCAAAAAAUCCGCUCAAUGCGGUCAAAAAAACAAAAAAAAAAAAAAAAAAAAAC,................((((.....))))................................
106,2.0,rnainverse,0.03188069409909752,67,-5.0,AAAAAAGUCAAAAAAAGCCGGUCCACGGUGCCCAAAAUCAAAAAAAAAAAAAAAAAAAAAA,................((((.....))))................................
107,2.0,rnainverse,0.25739574857742603,67,-0.3,UGAAUUCCCGAAACAAUGUAACGAGUACACCCACACCAGAACGAAACGGCACGAUAGAUGU,................((((.....))))................................
108,2.0,rnainverse,0.024444737285966762,67,-5.7,AAAAAAGGAAAAAAAAGCCCGAAAAGGGUGAAAAAAGACAAGAAAAAAAAAAAAAAAAAAA,................((((.....))))................................
109,4.0,rnainverse,0.38465117055130194,67,-4.9,AACUUCCGAUACCCCCGAUCUAACUGGUCAUACGAGACGGCGCAAACAGAACAAGGAAAGG,.....(((........((((.....))))........))).....................
88,0.0,rnaevol,0.00168394387538,44,-17.6,AAAAAGCCAGCCCCGAAAGGAGGCGCGACCGAUAGGCGCAGGCAAAAAGAAAAAAAAAAAAAG,.....(((.(((((....)).)))(((.((....))))).)))....................
89,0.0,rnaevol,0.00185716013423,44,-16.8,AAAGAGCCAGCCCCACAAGGAGGCGCGACCGACAGGCGCAGGCAAGAAAAAAAAAAAACAAAA,.....(((.(((((....)).)))(((.((....))))).)))....................
90,0.0,rnaevol,0.0018892924316,44,-16.8,AAAAAGCCAGCCCCAAGAGGAGGCGCGACCGAAAGGCGCAGGCAAAAAAAAAAAAAAUAAAAG,.....(((.(((((....)).)))(((.((....))))).)))....................
91,0.0,rnaevol,0.00197075491633,44,-16.9,CAAAAGCCAGCGCCGAAAGGACGCGCCACGGAAACGGGCAGGCAAAAAAAAAAAAAAACAAAA,.....(((.(((((....)).)))(((.((....))))).)))....................
110,0.0,sentrna,0.15316428236208388,44,-13.0,AAAAACCCAGCCGCGAAAGUAGGCAGGAGGGAAACCCCUAGGGAAAAAAAAAAAAAAAAAAAA,.....(((.(((((....)).)))(((.((....))))).)))....................
111,0.0,sentrna,0.13093619619451702,44,-6.0,AAAAAGAGAGAGGCGAAAGUACUCAUCACGGAAACGGAUACUCAAAAAAAAAAAAAAAAAAAA,.....(((.(((((....)).)))(((.((....))))).)))....................
112,0.0,sentrna,0.03881765784882065,44,-13.8,AAAAACGCAGGGGCGAAAGCACCCCUCAGGGAAACCGAGAGCGAAAAAAAAAAAAAAAAAAAA,.....(((.(((((....)).)))(((.((....))))).)))....................
113,0.0,sentrna,0.03978325098355862,44,-15.6,AAAAACACAGGGGCGAAAGCACCCGGCACCGAAAGGGCCAGUGAAAAAAAAAAAAAAAAAAAA,.....(((.(((((....)).)))(((.((....))))).)))....................
114,0.0,sentrna,0.03137658144846008,44,-15.7,AAAAAGACAGCCGGGAAACCAGGCGGGAGGGAAACCCCCAGUCAAAAAAAAAAAAAAAAAAAA,.....(((.(((((....)).)))(((.((....))))).)))....................
82,0.0,erd,0.22802613820171258,44,-15.3,UUAUCGGCUGCGCCUUUUGGCCGCGCCACGAUAUCGGGCCGCCAUUAAAAAACCAGAAUCCUA,.....(((.(((((....)).)))(((.((....))))).)))....................
83,0.0,erd,0.22923141954791382,44,-13.2,GGAUACGGAUGGGCUUUUGCACCAGGCGCCAGUAGGGCCCCCGACAGAAAAAAUUUAUUAGAC,.....(((.(((((....)).)))(((.((....))))).)))....................
84,0.0,erd,0.22316280506555575,44,-13.5,AGCAAGGGACCCCCAACAGGCGGGGCAAGGUUGACCUGCACCCACAGAAAACAUUAAUAAAUA,.....(((.(((((....)).)))(((.((....))))).)))....................
85,0.0,erd,0.1782444713376111,44,-15.8,AACAAGGGGAGGGGGAUACCACCUGCCGCCAACAGGGGCACCCAAAACCAAACUAUUGAAUUU,.....(((.(((((....)).)))(((.((....))))).)))....................
110,2.0,rnainverse,0.45457194820344415,44,-10.7,ACUACGCACCUAGCAAGAGCAUAGCCCAUCGCCAGAGGGGUGCAAUGGACGUUUAAGCAGUAA,.....(((((((((....)).)))(((.((....)))))))))....................
111,0.0,rnainverse,0.0016992046123615854,44,-17.7,AAAAGGCCAGCCCCGAAAGGAGGCGCGACCGAAAGGCGCAGGCGAAAAAAAAAAAAAAAAAAA,.....(((.(((((....)).)))(((.((....))))).)))....................
112,6.0,rnainverse,0.43204610762672174,44,-7.4,AACUAUGUCAUCUAACUCUAGGAUCGGAGGUCGCCCCCGGACAGUAAUGCUUCAGGACCCAGA,.....((((((((.......))))(((.((....)))))))))....................
113,0.0,rnainverse,0.0017078938762705922,44,-15.6,AAAAAGGCAGCGCCGAAGGGACGCGAGUGCGAAAGCCUCAGCCAAAAAAAAAAAAAAAAAAAA,.....(((.(((((....)).)))(((.((....))))).)))....................
114,2.0,rnainverse,0.3704767495886786,44,-9.9,GACCCGCACGGACCUCGAGGAUCCUAGUCGACCCCGCUAGUGCUCUUUCACUAUACCCGCAAC,.....(((((((((....)).)))(((.((....)))))))))....................
92,0.0,rnaevol,0.000725222429905,45,-48.8,GGCCCGCCCAAAAGGGCGCCCCGCAAGGGGCGGCGGGAAACCGCCGGCCAAAAGGCCGGGCCA,(((((((((....))))(((((....)))))(((((....)))))((((....))))))))).
93,0.0,rnaevol,0.000692341891924,45,-48.0,GGGCCGGGCGAAGGCCCGCGGCAUGAGCCGCGCCGCGAAAGCGGCGCCCAAAAGGGCGGCCCA,(((((((((....))))(((((....)))))(((((....)))))((((....))))))))).
94,0.0,rnaevol,0.00063433901712,45,-45.9,GCGGCGCACGAAAGUGCGGGACGAUAGUCCCGGGGCGAAAGCCCCGGCCGAAAGGCCGCCGCA,(((((((((....))))(((((....)))))(((((....)))))((((....))))))))).
95,0.0,rnaevol,0.000892146058034,45,-45.0,GGCCCGAGCAAAAGCUCGCGCCAAUAGGCGCGCGGCAGACGCCGCGCCCGAAAGGGCGGGCCA,(((((((((....))))(((((....)))))(((((....)))))((((....))))))))).
115,0.0,sentrna,0.005250553610087573,45,-29.9,GCAUCGAUGGAAACAUCGCAUCGAAAGAUGCGCAUCGAAAGAUGCGAUCGAAAGAUCGAUGCA,(((((((((....))))(((((....)))))(((((....)))))((((....))))))))).
116,0.0,sentrna,0.0035165285549785554,45,-30.6,CCAUGGAGCGAAAGCUCGCAUCGAAAGAUGCGCAUGGAAACAUGCGAUCGAAAGAUCCAUGGA,(((((((((....))))(((((....)))))(((((....)))))((((....))))))))).
117,0.0,sentrna,0.006362039687005933,45,-34.2,GCCUCGAUCGAAAGAUCGCAUCGAAAGAUGCGCAUCGAAAGAUGCGACCGAAAGGUCGAGGCA,(((((((((....))))(((((....)))))(((((....)))))((((....))))))))).
118,0.0,sentrna,0.004791698974024442,45,-35.5,GCGGCGAUCGAAAGAUCGCAUCGAAAGAUGCGCAUCGAAAGAUGCGGUCGAAAGACCGCCGCA,(((((((((....))))(((((....)))))(((((....)))))((((....))))))))).
119,0.0,sentrna,0.003212157873089878,45,-31.4,GCAGCCAUCGAAAGAUGGCAUCGAAAGAUGCGCAUCGAAAGAUGCGAUCGAAAGAUCGCUGCA,(((((((((....))))(((((....)))))(((((....)))))((((....))))))))).
86,0.0,erd,0.18417145399265544,45,-26.1,GGCCUCCACGAAAGUGGGCCUUAUCUAAGGUGCUGGGAAACCAGUGGUUUGGUGACUAGGCCC,(((((((((....))))(((((....)))))(((((....)))))((((....))))))))).
87,0.0,erd,0.13312812602065505,45,-21.6,UGCUGGUAUUGCCAUACGCGUGAUCGCACGCGUCUCCCAGGAGACCUAGAAAUCUAGUAGCAG,(((((((((....))))(((((....)))))(((((....)))))((((....))))))))).
88,0.0,erd,0.10886348835920506,45,-18.3,GGUGACCCACACUUGGGGAGGGUUGGCCCUUCUAAUGAUCAUUAGUACCGGAAGGUAUCGCUU,(((((((((....))))(((((....)))))(((((....)))))((((....))))))))).
89,0.0,erd,0.22962930747980112,45,-33.7,CGCCCGUGCUCGAGCACGCUGGGAUUCCAGCGGGGCUAACGCCCUGCACAUUGGUGCGGGUGC,(((((((((....))))(((((....)))))(((((....)))))((((....))))))))).
115,0.0,rnainverse,0.14192249221847517,45,-15.4,GGUACGCUCUUUUGGGCUGCGACUGUUCGUAAAUUAAACUUGAUUAACAUCUAUGUUGUGCCG,(((((((((....))))(((((....)))))(((((....)))))((((....))))))))).
116,0.0,rnainverse,0.0005691753976711323,45,-50.7,GGCCCGGGCGUCAGCCCGCCGCGUUAGCGGCGCCCCUUUUGGGGCGGCCUCCGGGCCGGGCCA,(((((((((....))))(((((....)))))(((((....)))))((((....))))))))).
117,0.0,rnainverse,0.0005812085305874018,45,-48.1,GGGCCGCUCGAAGGAGCGCCCCUAAUGGGGCGCCGCGAAAGCGGCGGCCGAAAGGCCGGCCCA,(((((((((....))))(((((....)))))(((((....)))))((((....))))))))).
118,0.0,rnainverse,0.42984063804950295,45,-14.3,AGUAGCCGAAGGAUUGGUUCCGUUCCCGGGAAACUGCGCUUAGUUGCGAUUACUCGCCUACUU,(((((((((....))))(((((....)))))(((((....)))))((((....))))))))).
119,0.0,rnainverse,0.0005866305972563583,45,-50.3,GGGGCGCGCUUUUGCGCGGCGCUCCGGCGCCGGGGCUCCGGCCCCGCCCUUUUGGGCGCCCCA,(((((((((....))))(((((....)))))(((((....)))))((((....))))))))).
96,6.000000000007001,rnaevol,0.23723588434,61,-6.5,AACAAGCACGACCAAAGGACCAAAGGAAACGGCAGCACCAGGAAACCGCGAAACGCAAGGGCAUUAA,.....((.((.((...........))...)))).((.((.((...))(((...)))..)))).....
97,6.000000000007001,rnaevol,0.282898411224,61,-8.1,AGAAAGGACCGGGAAACCAGCAAAGCAAAGGCCAGCACCACCGAAGGACCAAAGGAAAGGGCAAAUA,.....((.((((....)).((...))...)))).((.((.((...........))...)))).....
98,6.000000000007001,rnaevol,0.320685357867,61,-5.8,UUACAGGAGGAGGAAACCCGCAAAGCAAACCCCAGCAGCACCGAAGGACCAAAGGAAAGCGCACAAA,.....((.((.((....))((...))...)))).((.((.((...........))...)))).....
99,6.000000000007001,rnaevol,0.280292619696,61,-6.4,AAUAAGGACCAGCAAAGCGGCAAAGCCAAGGCCACCACCAGCAAAGCAACAAAGUAAAGGGGAAAGA,.....((.((.((...))(((...)))..)))).((.((.((...........))...)))).....
130,22.0,sentrna,0.4373023151052474,61,-5.0,AAAAACGACCACCAAAGGAGGAAACCAAAGGCGAGGAGGAGGAAACCAGCAAAGCAAACCCCAAAAA,................((.((.........((..((.........)).))........)))).....
131,14.0,sentrna,0.471003970219001,61,-9.5,AAAAAGGAGGAGGAAACCACCAAAGGAAACCCCAGCACCAGCAAAGCACCAAAGGAAAGGGCAAAAA,........((.((...((......))...)))).((....))...((.((........)))).....
132,23.0,sentrna,0.45557481936062894,61,-5.1,AAAAACGACCAGCAAAGCACCAAAGGAAAGGCGACGAGCAGGAAACCAGGAAACCAAAGCCGAAAAA,........((.((....(.((........)).)....)).)).........................
133,8.0,sentrna,0.3825093175459314,61,-11.5,AAAAACCAGGAGGAAACCACCAAAGGAAACCGGACCAGGAGGAAACCACCAAAGGAAACCGGAAAAA,.....((.((.((...)).))...))...((((.((.((.((...)).))...))...)))).....
134,20.0,sentrna,0.4068607421608965,61,-3.4,AAAAAGCACGAGGAAACCAGCAAAGCAAACGGCACGAGGAGCAAAGCAGCAAAGCAAACCCGAAAAA,........((.((......((...((.....((.......))......))...))...)))).....
90,8.0,erd,0.3966906968235017,61,-7.3,AAUUAGGAGGAGCAGAGCAGCAAAGCAUACCCCAGGAGCAGCAAAGCAGCAUAGCAUAGCCCACACA,.....((.((.((...........))...)))).((.((.((...........))...)))).....
91,9.0,erd,0.48445187527179395,61,-8.3,GAUGAGCACCAGCAAAGCACCACAGGGAAGGGCAGCACCAGGAUACCGGCAUAGCAAAGGGCAUACA,.....((.((.((...((.((........))))....((.((...))))....))...)))).....
92,8.0,erd,0.38693080365372945,61,-8.9,AAAAAGCACCAGGAAACCAGGAGACCGAAGGGCAGCCCCAGCAAAGCACCAAAGGGACGGGCAGGAG,.....((.((.((...........))...)))).((((..((...)).((....))..)))).....
93,10.0,erd,0.398018141634165,61,-10.4,CUCAAGCACCAGGAAACCAGGAUACCGAAGGGCAGGCCCAGCAAAGCAGCAAAGCAUUGGCCAAAAA,.....((.((.((...........))...)))).((((..((...........))...)))).....
120,24.0,rnainverse,0.4129394819956819,61,-4.4,AAAAAGGCGCACCAAAGGAGGAAACCAAAGCCCAGAUGCAGGAAACCAGGAAACCAAAGCUCAAAAA,.....(((...........((...((...((......)).))...))...........)))......
121,16.0,rnainverse,0.34844126699836814,61,-4.0,AAAAAGGACCAGAAAAUCAGCAAAGCAAAGGCCAGGAGCAGCAAAGCAGGAAACCAAAGCCCAAAAA,.....((.((...................)))).((.((...................)))).....
122,31.0,rnainverse,0.670534293493542,61,-8.1,UAGCGGAAUACGAGAGUCACCCCAGGAAAUGUCGGAGGUCCCCGCGGAAGUCACUAUAACUCGUCUG,..((((....(((.(....((...))...).))).......))))......................
123,36.0,rnainverse,0.6687467319262468,61,-5.1,ACUGUUGACCAAUUGUAUAGCUAGGCUUAGGUAGAUUUUUACGGUGUUCCAUUGGAUUGAAUAUUUC,(((((.............(((...))).............)))))..(((...)))...........
124,16.0,rnainverse,0.37157705798883256,61,-3.7,AAAAAGCACCAGGAAACCAGCAAAGCAAAGGGCAGGAGGAGGAAACCAGCAAAGCAAACCCCAAAAA,.....((.((...................))))....((.((................)))).....
100,0.0,rnaevol,0.00105055023451,13,-51.9,GCCACCCGGCGGCCCGGGGCCCGGGCAAAGCCCGGAAAAGCCCCGGAAAAGCCGCCAAAAGGGUGGC,((((((((((((((((((((((((((...))))))....)))))))....))))))....)))))))
101,0.0,rnaevol,0.00102960313571,13,-52.6,GGCGGGCGCCGGCCCGCCGCCCCGGCAAGGCCGGGAAAAGCGGCGGUUAAGCCGGCAAAAGCCCGCC,((((((((((((((((((((((((((...))))))....)))))))....))))))....)))))))
102,0.0,rnaevol,0.00103655260218,13,-53.3,GGCCCGCCCCCGCCCCGGGCCCGGGCAAAGCCCGGAAAAGCCCGGGAAAAGCGGGGAACCGCGGGCC,((((((((((((((((((((((((((...))))))....)))))))....))))))....)))))))
103,0.0,rnaevol,0.00103601796299,13,-52.6,GGCCGGGGCCGGCGCGCCGCCCCGGCAGUGCCGGGAUAAGCGGCGCAAUAGCCGGCGAGACCCGGCC,((((((((((((((((((((((((((...))))))....)))))))....))))))....)))))))
120,0.0,sentrna,0.0027656729868264247,13,-25.8,GCUUAUCGCUUAGGCUUAUCGCUUAGAAACUAAGCAAAAGAUAAGCAAAACUAAGCAAAAGAUAAGC,((((((((((((((((((((((((((...))))))....)))))))....))))))....)))))))
121,0.0,sentrna,0.0027656729868264247,13,-25.8,GCUUAUCGCUUAGGCUUAUCGCUUAGAAACUAAGCAAAAGAUAAGCAAAACUAAGCAAAAGAUAAGC,((((((((((((((((((((((((((...))))))....)))))))....))))))....)))))))
122,0.0,sentrna,0.0027656729868264247,13,-25.8,GCUUAUCGCUUAGGCUUAUCGCUUAGAAACUAAGCAAAAGAUAAGCAAAACUAAGCAAAAGAUAAGC,((((((((((((((((((((((((((...))))))....)))))))....))))))....)))))))
123,0.0,sentrna,0.0027656729868264247,13,-25.8,GCUUAUCGCUUAGGCUUAUCGCUUAGAAACUAAGCAAAAGAUAAGCAAAACUAAGCAAAAGAUAAGC,((((((((((((((((((((((((((...))))))....)))))))....))))))....)))))))
124,0.0,sentrna,0.0027656729868264247,13,-25.8,GCUUAUCGCUUAGGCUUAUCGCUUAGAAACUAAGCAAAAGAUAAGCAAAACUAAGCAAAAGAUAAGC,((((((((((((((((((((((((((...))))))....)))))))....))))))....)))))))
94,0.0,erd,0.028938035440741233,13,-34.6,AUUGGAGGGGGCUGAGGUGGGCGCGGUCGCCGCGCUACGCCGCUUCUUAUGGUCCCAAAUCUCCAAU,((((((((((((((((((((((((((...))))))....)))))))....))))))....)))))))
95,0.0,erd,0.023807356267897452,13,-42.1,GGCCGGGGCCCCGGACGAGCGUCGGUAUUACCGGCAGGAGCUCGUCUGGUCGGGGCGUAACCCGGUC,((((((((((((((((((((((((((...))))))....)))))))....))))))....)))))))
96,0.0,erd,0.09201118212869475,13,-39.1,AUCGUGGGCAACCGGGCUGGGGUGGGCCCCCCACCUUAGCCGGCCCGACUGGUUGCUUCACCACGGU,((((((((((((((((((((((((((...))))))....)))))))....))))))....)))))))
97,0.0,erd,0.007104152415795532,13,-40.3,GGCUUCCGGGGCUGGCACGGGGCCCCGCUGGGGUCGAAACCGUGCCUCAGGGUCCCAACAGGAAGCU,((((((((((((((((((((((((((...))))))....)))))))....))))))....)))))))
125,0.0,rnainverse,0.277173329343323,13,-28.7,AGGCGUAUUAGUGGCGUGGCCCUUCGGUGCGAGGGGAGUGCCGCGUGGUGCACUAAGUACUACGUCU,((((((((((((((((((((((((((...))))))....)))))))....))))))....)))))))
126,0.0,rnainverse,0.001025300490388514,13,-53.4,GGCCCGCCCGGGCCCCGGGCGCCGGCACUGCCGGCAAAAGCCCGGGUUACGCCCGGAACUGCGGGCC,((((((((((((((((((((((((((...))))))....)))))))....))))))....)))))))
127,0.0,rnainverse,0.0010150696996442618,13,-53.5,GGCGGGCGCCGGCGCCGGGCCCGGGCUAUGCCCGGAAAUGCCCGGCAAAAGCCGGCAAAAGCCCGCC,((((((((((((((((((((((((((...))))))....)))))))....))))))....)))))))
128,0.0,rnainverse,0.2580986497493515,13,-20.3,UGGUAACUGUGCUUUCUUCGGGGUUUACAAGGCCUAUAGCGAAGGGCGUCGGCAUGGCCUGUUACCA,((((((((((((((((((((((((((...))))))....)))))))....))))))....)))))))
129,0.0,rnainverse,0.06467915798529025,13,-30.1,GCGGAGCUGAGUUGUGUGCCGAUGUCCCCGACGUCACGCGGUACACCUACGACUCGGAACGCUCUGC,((((((((((((((((((((((((((...))))))....)))))))....))))))....)))))))
104,2.000000000003,rnaevol,0.0206648934776,59,-50.1,CACAAGCGGGGACCCCCGGCAGGAGCCGGGGCGCCGCAGGGGCCCGCAAGGGCCCCUGCCCGCAAAAC,.....((((((..(((((((....)))))))..))((((((((((....)))))))))))))).....
105,2.000000000003,rnaevol,0.0207906084909,59,-47.5,AAAACCCGCGGACCCCGGCCGAAAGGCCGGGCGCCGACCACGGCCAAGUGGCCGUGGUCGCGGAACAA,.....((((((..(((((((....)))))))..))((((((((((....)))))))))))))).....
106,2.000000000003,rnaevol,0.0219195660994,59,-49.2,GAAAAGCGCGGCGCCGGGCCAAUAGGCCCGGACCCGGACCGGCGCGAAGGCGCCGGUCCGCGCAAAAA,.....((((((..(((((((....)))))))..))((((((((((....)))))))))))))).....
107,2.000000000003,rnaevol,0.0209493567129,59,-48.4,AAAAAGCGGGGACCGGGCGGAAACCCGCCCGCGCCGCCAGCCCCCAAGAGGGGGCUGGCCCGCAAAAC,.....((((((..(((((((....)))))))..))((((((((((....)))))))))))))).....
135,0.0,sentrna,0.15861784548164137,59,-22.5,AAAAUUUGCGGCGUGAGUGCAAAGGUGCUCGUCCCGAUUUUGAUCUAAUGAUCGAGAUCGCAGUAAAA,.....((((((.((((((((....))))))).)))((((((((((....)))))))))))))).....
136,2.0,sentrna,0.1420331559232025,59,-21.0,AAAAUGAUCGCGGCAUGUUCGAAAGGAUAUGAGGCUAUAUGGGUCAAAGGAUCUAUAUAGGUCUAAAA,.....((((((..(((((((....)))))))..))((((((((((....)))))))))))))).....
137,14.0,sentrna,0.3290217985819375,59,-15.5,AAAAUUGUUGUUCAAGCUGUAAAGAUAGUUGCUAAGUAUAUGAGCAAAGGUUCGUGUAUAGCGUAAAA,..............((((((....))))))(((..((((((((((....)))))))))))))......
138,0.0,sentrna,0.07551450822069676,59,-25.2,AAAAUGACCGUACCAAGUACGAAAGUACUUGUGGCGAUAUUGAUCUAAUGAUCGAUAUCGGUCUAAAA,.....((((((.((((((((....))))))).)))((((((((((....)))))))))))))).....
139,0.0,sentrna,0.05669843591849721,59,-19.9,AAAAUGAUGGUACCAUGUUCAAAGGAACAUGCGGCGAUAUAGUUUGAAAAAACUAUAUCCAUCUAAAA,.....((((((.((((((((....))))))).)))((((((((((....)))))))))))))).....
98,2.0,erd,0.1055193480694186,59,-34.2,GAAAAGGCCCAAGGCUCUUGUCUCUAAGAGCACUGGGCCGCGGGGGCAACUCCGUGGUCGGCCGUUUA,.....((((((..(((((((....)))))))..))((((((((((....)))))))))))))).....
99,2.0,erd,0.10393783653842681,59,-38.7,CCCAACCCGGCGCUGGGGGGCUGUCCCCCCGAGGCGGGUUACACAGAAGUGUGUAACCCCGGGGAUUU,.....((((((..(((((((....)))))))..))((((((((((....)))))))))))))).....
100,0.0,erd,0.045820277037483086,59,-33.9,CAUAAGGGAGGUGUGGUCGGCUGCCCGACCGUCCCGGACUGAGACGAAGGUCUCAGUUCUCCCAACCA,.....((((((.((((((((....))))))).)))((((((((((....)))))))))))))).....
101,2.0,erd,0.10278355276831999,59,-37.9,AAGCAGGCCGCACCGGUCGGAUCUCUGACUGGGGCCGGGAUGUCACACAUGGCAUCCCGGGCCGGGAA,.....((((((.((((((((....)))))))).))((((((((((....)))))))))))))).....
130,2.0,rnainverse,0.020532975036833885,59,-50.2,UUUUCGGUCGGACCUCCCCCGGAAGGGGGAGCGCCGCCCCCCGGCGUUGGCCGGGGGGCGACCUUUUU,.....((((((..(((((((....)))))))..))((((((((((....)))))))))))))).....
131,2.0,rnainverse,0.027660410821320657,59,-46.6,UCCCCGGAGGCACUACCCGCGAUGGCGGGUGCGGCGGCCCCCGGCGUUGGCCGGGGGCCCUCCAUUUC,.....((((((..(((((((....)))))))..))((((((((((....)))))))))))))).....
132,2.0,rnainverse,0.25680232047761953,59,-12.2,UAAGGGAAGGUACUUUGAGUUGCAGCUUAAAUGACUUUAGUUUAAAGACUUGAGCUAAGCUUCACACC,.....((((((..(((((((....)))))))..))((((((((((....)))))))))))))).....
133,4.0,rnainverse,0.26136408522075044,59,-14.3,CAUCAAGCAGAACUUAGCUAAUCCUAGCUGACGUCAAUCAGAGUAGCUAUAUUUUGGUUUGUUUCCCG,....(((((((..(((((((....)))))))..))((((((((((....)))))))))))))))....
134,2.0,rnainverse,0.15302626490206617,59,-30.8,CUUGUCUGAGCACCUGGCGUCGCGACGCCAGUGGCUCUAGGCGCGCCGCCGUGCCUGGAUCAGUGAUC,.....((((((..(((((((....)))))))..))((((((((((....)))))))))))))).....
108,0.0,rnaevol,0.000851934876424,18,-30.3,GCGCCCGAAAAGGGAAAAGGCAAAGCGGCAAAAAAAAGAAAAGCCGCAAACGCCGGCCCGAGGGCGC,((((((.....(((....(((...(((((.............)))))....)))..)))..))))))
109,0.0,rnaevol,0.000682069228524,18,-30.4,GCCGGCACAAAGCCGAAAGCCGAGGCGCCAAAAAAGAACAGAGGCGCAAAAGGCGAGGCAAGCCGGC,((((((.....(((....(((...(((((.............)))))....)))..)))..))))))
110,0.0,rnaevol,0.000752992879854,18,-30.4,GCGCCCGAAAAGCCGAAAGCCGAAGCCCCAGAAAAAAAAAAAGGGGCAAAAGGCAAGGCAAGGGCGC,((((((.....(((....(((...(((((.............)))))....)))..)))..))))))
111,0.0,rnaevol,0.000740753777947,18,-28.1,GGCCGCGAAAAGGCAAAAGGCGAAGCAGCAACAAAAAAAACAGCUGCAAAAGCCAAGCCGAGCGGCC,((((((.....(((....(((...(((((.............)))))....)))..)))..))))))
125,0.0,sentrna,0.008020265989639317,18,-12.7,GCUUAGAAAAAGAGAAAAGAGAAAGCAUCAAAAAAAAAAAAAGAUGCAAAACUCAACUCAACUAAGC,((((((.....(((....(((...(((((.............)))))....)))..)))..))))))
126,0.0,sentrna,0.008020265989639317,18,-12.7,GCUUAGAAAAAGAGAAAAGAGAAAGCAUCAAAAAAAAAAAAAGAUGCAAAACUCAACUCAACUAAGC,((((((.....(((....(((...(((((.............)))))....)))..)))..))))))
127,0.0,sentrna,0.008020265989639317,18,-12.7,GCUUAGAAAAAGAGAAAAGAGAAAGCAUCAAAAAAAAAAAAAGAUGCAAAACUCAACUCAACUAAGC,((((((.....(((....(((...(((((.............)))))....)))..)))..))))))
128,0.0,sentrna,0.008020265989639317,18,-12.7,GCUUAGAAAAAGAGAAAAGAGAAAGCAUCAAAAAAAAAAAAAGAUGCAAAACUCAACUCAACUAAGC,((((((.....(((....(((...(((((.............)))))....)))..)))..))))))
129,0.0,sentrna,0.008020265989639317,18,-12.7,GCUUAGAAAAAGAGAAAAGAGAAAGCAUCAAAAAAAAAAAAAGAUGCAAAACUCAACUCAACUAAGC,((((((.....(((....(((...(((((.............)))))....)))..)))..))))))
102,0.0,erd,0.13525587621361718,18,-20.7,UGGGCUGAGAACGGUCUUGCCAUCGUUCCUACCAGCACUAAUGGAACAAGCGGUCUCCGGAAGCCCA,((((((.....(((....(((...(((((.............)))))....)))..)))..))))))
103,0.0,erd,0.033363956062188754,18,-22.5,CCUGCCCAUUGCUGGCAAGACAAUGGCUGGAAUUAAUAAAAACAGCCUAAAGUCGACAGAAGGCGGG,((((((.....(((....(((...(((((.............)))))....)))..)))..))))))
104,0.0,erd,0.05390419297544179,18,-21.2,GGUGGUUAAAGGGGGAGACUGAAUCUGCUUCUUUGAACCUUUGGCAGUAAACAGGACCCAUACCACC,((((((.....(((....(((...(((((.............)))))....)))..)))..))))))
105,0.0,erd,0.08401612224464869,18,-16.6,GCCUGCGACGACCAAGAAUCGGAAUCAAAGAAUUAAUAAAAAUUUGAGAGACGAAAUGGGAGCGGGC,((((((.....(((....(((...(((((.............)))))....)))..)))..))))))
135,0.0,rnainverse,0.0005787199849910978,18,-33.0,GGCCGCGAAAAGCCGAAGCCGGAAGCCCCGAAAAAAAAAAAAGGGGCGAAACGGAAGGCGAGCGGCC,((((((.....(((....(((...(((((.............)))))....)))..)))..))))))
136,0.0,rnainverse,0.0005538491581970592,18,-33.4,GGCCGCGAAAAGGCUUCUGCCGGAGCCCCGAAAAAAAAAAAAGGGGCGAAAGGCUUGCCGAGCGGCC,((((((.....(((....(((...(((((.............)))))....)))..)))..))))))
137,0.0,rnainverse,0.001298029382003362,18,-29.4,GGCGGCGAAAACUCAAAAGGCAAUGCGGCUCCCCCUUUUUCUGCCGCUCCGGCCGCGAGGAGCCGCC,((((((.....(((....(((...(((((.............)))))....)))..)))..))))))
138,2.0,rnainverse,0.33837354767604505,18,-13.5,AUGUCGAACGGCUGACCUAUUAACAACCCGCCCGGUGCAAAAGGGUUCCAGGAUUCCAGCGCGGCGU,((((((....((((....(((...(((((.............)))))....)))..)))).))))))
139,4.0,rnainverse,0.44457201970835597,18,-7.9,UGGGGUGAUAGUGUGAAGGUGGAGAAGUCUUAGCGUAGAACGGAUUUGGAGUGCUAAUGGAACCUCA,((((((.....(((...((((...((((((...........))))))....)))).)))..))))))
112,2.000000000003,rnaevol,0.0278187629786,72,-46.5,AAGCGGGGCCAAAAAAACAGGGCGCUAAAGCGCCCAGCACGCCCAAGGGCGUGCAGUAAAAAAGGCCCCGCAC,..((((((((.........((((((....)))))).(((((((....))))))).........))))))))..
113,2.000000000003,rnaevol,0.025118324856,72,-43.8,ACCCGGCCGCGAAAAGAGAGCGCACAAGAGUGCGCAGCACCGCGACGGCGGUGCACGAAAAAAGCGGCCGGAA,..((((((((.........((((((....)))))).(((((((....))))))).........))))))))..
114,2.000000000003,rnaevol,0.0230572429687,72,-43.6,AAGGCCCACCGACAAAACAGCCAGCAAAUGCUGGCAGCCACGCUAAGGCGUGGCAGGAAAAAAGGUGGGCCAA,..((((((((.........((((((....)))))).(((((((....))))))).........))))))))..
115,2.000000000003,rnaevol,0.0285163244455,72,-45.4,AAGCCGGGGGAAAAACUGAGGCCGCAAAAGCGGCCAGCGGAGGAAUACCUCCGCACAAACAAACCCCCGGCAG,..((((((((.........((((((....)))))).(((((((....))))))).........))))))))..
140,2.0,sentrna,0.027790509359559273,72,-45.8,AGCCUCCGCCAAAAAAAGAGGCGAGGAAACUCGCCAGCGGGGGGAAACCCCCGCACAAAAAAAGGCGGAGGAG,..((((((((.........((((((....)))))).(((((((....))))))).........))))))))..
141,2.0,sentrna,0.027990749050308787,72,-43.3,AGCCGCGCGCAAAAAAAGAGCGUGGGAAACCACGCACCCCGUGGAAACACGGGGACAAAAAAAGCGCGCGGAG,..((((((((.........((((((....)))))).(((((((....))))))).........))))))))..
142,2.0,sentrna,0.02818994878846355,72,-45.4,AGCGCCCCGGAAAAAAACAGCGCACGAAAGUGCGCAGCGCGCCGAAAGGCGCGCAGAAAAAAACCGGGGCGAG,..((((((((.........((((((....)))))).(((((((....))))))).........))))))))..
143,2.0,sentrna,0.02973465471331069,72,-38.1,AGGGUUGCCCAAAAAAAGACGCGAGGAAACUCGCGACCGUCUCGAAAGAGACGGACAAAAAAAGGGCAACCAG,..((((((((.........((((((....)))))).(((((((....))))))).........))))))))..
144,2.0,sentrna,0.03155159153887539,72,-45.3,AGGGGGGGGCAAAAAAACAGCGCGGGAAACCGCGCACGGUAGCGAAAGCUACCGAGAAAAAAAGCCCCCCCAG,..((((((((.........((((((....)))))).(((((((....))))))).........))))))))..
106,2.0,erd,0.07659686592142452,72,-36.9,CCUGCUAGGGAUAUUCACGGGGCCAUAAAUGGCCCAGGAUGCCAUCUGGCAUCCAGAUAAGAGCCCUAGCAUU,..((((((((.........((((((....)))))).(((((((....))))))).........))))))))..
107,2.0,erd,0.03457482808706941,72,-43.8,UUAGGGCGUGAUAUAUGCAGGCCCGGAAACGGGCCAGGGCGGGACCACCCGCCCAGUUCAACCCACGCCCUCU,..((((((((.........((((((....)))))).(((((((....))))))).........))))))))..
108,2.0,erd,0.04172610095433269,72,-42.8,ACUCGGCGGGACAAAUGCAGGGAGCUAAAGCUCCCAGGGCGGCAAGGGCCGCCCAGAGAAACCCCCGCCGGAA,..((((((((.........((((((....)))))).(((((((....))))))).........))))))))..
109,2.0,erd,0.03237224462445694,72,-39.7,UAGGCUGUCGACAAAUGCGCCCCGCAUAAGCGGGGAGUCCCCUGACAAGGGGACAGGAACAAACGGCAGCCCA,..((((((((.........((((((....)))))).(((((((....))))))).........))))))))..
140,2.0,rnainverse,0.139363167387408,72,-22.6,UAUGUAAGCUGAGUAAACUUAUCAGAGAACUGAUACGGGCCGUUGACGCGGCUUUGUGCCGGAAGCUUGCAAU,..((((((((......((.((((((....)))))).(((((((....))))))).))......))))))))..
141,2.0,rnainverse,0.02373181948722553,72,-49.9,AAGCCCCGGGUCCUUUUCAGCCCCCUAUUGGGGGCAGCCGGGCUCCGGCCCGGCCGUCCUUUUCCCGGGGCAA,..((((((((.........((((((....)))))).(((((((....))))))).........))))))))..
142,2.0,rnainverse,0.027169481017603535,72,-46.3,CAGGGCGGGUGCAAAAACUCCCGGCGAUGGCCGGGUGCCGGGCGCAGGCCCGGCCGGAAAAAAGCCCGCCCAA,..((((((((.........((((((....)))))).(((((((....))))))).........))))))))..
143,4.0,rnainverse,0.48003376389004726,72,-16.9,GGUUACCGCGCGCGGAAACAUAGUGCAACUACUGUAAAUUUACAUAUGUGGGUUGUUGAUAUUCGCGGUAGUA,..((((((((......(((((((((....)))))).(((((((....))))))))))......))))))))..
144,2.0,rnainverse,0.02779524973878155,72,-45.2,AAGCCCGGGUGCCCAAUCUGCAGCCGAAAGGCUGCUGCCGGGCGUAAGCCCGGCCGUCAAAAAGCCCGGGCAA,..((((((((.........((((((....)))))).(((((((....))))))).........))))))))..
116,0.0,rnaevol,0.00891811253621,75,-14.0,ACAGAAGCCGAAAAACCGCAGCGAAGCCGGAAAAAAACGGAAAAGAAAAAGCGGCAAAAAAGGCAAAAAAAAAAA,......(((......((((..(....(((........)))....).....)))).......)))...........
117,0.0,rnaevol,0.00926269326033,75,-14.1,AAAAAAGGCGAAAAACCGGAAGAAAAGCCAAAUAAAAGGCACAGCGAAAACCGGGAAAAAAGCCAACUAAAAAUC,......(((......((((..(....(((........)))....).....)))).......)))...........
118,0.0,rnaevol,0.00877861529697,75,-14.7,AAAAAAGGCAAAAAAGGACGAGAAAAGCCAAAACAAAGGCGAAGCGAAAAGUCCGAAAGAGGCCGAAAAAAAAAA,......(((......((((..(....(((........)))....).....)))).......)))...........
119,0.0,rnaevol,0.00884056597253,75,-14.9,AAAAAAGGCAAAAAAGGGCAGCGAAGCCGGAAAAAAACGGAGAAGAAAAAGCCCGAAAAAAGCCAAAGAAAAAUA,......(((......((((..(....(((........)))....).....)))).......)))...........
145,2.0,sentrna,0.08769812156670084,75,-9.9,AAAAAAGCGAAAAAACGCGAAGAAAAGGCAAAAAAAAGCCAAAACAAAAACGCGAAAAAAACGCAAAAAAAAAAA,......(((......((((.......(((........)))..........)))).......)))...........
146,2.0,sentrna,0.029785725564180174,75,-11.6,AAAAAAGCGAAAAAAGGGGAAGAAAAGCCAAAAAAAAGGCAAAACAAAAACCCCAAAAAAACGCAAAAAAAAAAA,......(((......((((.......(((........)))..........)))).......)))...........
147,2.0,sentrna,0.03023380354974023,75,-9.0,AAAAAACGGAAAAAAGCGCAACAAAACGGAAAAAAAACCGAAAAGAAAAAGCGCAAAAAAACCGAAAAAAAAAAA,......(((......((((.......(((........)))..........)))).......)))...........
148,2.0,sentrna,0.029299543934106883,75,-11.2,AAAAAACGGAAAAAAGGGCAACAAAAGCCAAAAAAAAGGCAAAAGAAAAAGCCCAAAAAAACCGAAAAAAAAAAA,......(((......((((.......(((........)))..........)))).......)))...........
149,2.0,sentrna,0.039988492266362904,75,-8.3,AAAAAACCGAAAAAAGGCCAACAAAACAGAAAAAAAACUGAAAAGAAAAAGGCCAAAAAAACGGAAAAAAAAAAA,......(((......((((.......(((........)))..........)))).......)))...........
110,0.0,erd,0.24321002372283448,75,-10.8,AAUCUCUCAAAGAAAAGGGUACGAAAGGGUUAAACCUCCCGAAAGGAACUCCCUGUCAUAGUGAAAUUCCAUACA,......(((......((((..(....(((........)))....).....)))).......)))...........
111,0.0,erd,0.21149574798204965,75,-6.5,GUAGAGGGCGUAAAAAUUGAGCGAGACGUAUAAAAUAACGGAAAGGACAACAGUGGAGUCAGCCAUAGAAGAUUA,......(((......((((..(....(((........)))....).....)))).......)))...........
112,0.0,erd,0.17803981612210232,75,-9.5,UCAAUCGAAGCAGAGCCCAGAGAUCUUGCGAAGAAAAGCAUAUGCGCCGAUGGGGAUGAUAUUCACAACACAUAA,......(((......((((..(....(((........)))....).....)))).......)))...........
113,0.0,erd,0.1284475042267554,75,-15.8,CUAAUACCCGAAUCACCUCGACGGAGCCCGAGCCAAAGGGGAGAGGAAUGGAGGGCAGGCAGGGGCAAAAACUUA,......(((......((((..(....(((........)))....).....)))).......)))...........
145,2.0,rnainverse,0.016707134104212863,75,-13.2,AACCCCGGCUCUUUUCCGCUUCUUUUCCGUUUUUUUUCGGUUUUGUUUUUGCGGUCUUUUUGCCAACCCCCACAC,......(((......((((.......(((........)))..........)))).......)))...........
146,6.0,rnainverse,0.2731384379412743,75,-4.7,UGCCCUAUAAUCACGUCGGAACCAAUGUCCAAAGUUAGACUAGCGAAAGACCGAGAAUCAGUAUUUAAGCCCCCC,.((...(((......((((.......(((........)))..........)))).......)))....)).....
147,6.0,rnainverse,0.457916605854392,75,-9.8,CGGUAACUAAAAUCGCCCAUCUAACUCUCGACCGGUAGAGCUGCAGACGCUGGGAUUGCAAUAGUCUAGAAGAGC,.....((((......(((((((....(((........)))....)))...)))).......))))..........
148,0.0,rnainverse,0.011218404384503071,75,-16.8,AAAAAAGGCUCAAAAGCGGGACGAAAGCCGAAAAAAAGGCGAAAGGAAAACCGCGAACACUGCCAAAAAAAAAAC,......(((......((((..(....(((........)))....).....)))).......)))...........
149,0.0,rnainverse,0.011277888867076273,75,-15.6,AAAAAAGGCUCCAAACCGCGACGAAGGCCGAAAAAAAGGCAAAAGGAAAAGCGGACACACUGCCAAAAAAAAAAA,......(((......((((..(....(((........)))....).....)))).......)))...........
120,4.0,rnaevol,0.0785932956455,52,-6.3,AGCAAAAAAGGGAAAAACCAAAAAACGAAUAAAGCGAAGAAGCAAAAAAGGGAACAACCAAAAAACGAAAAAAGCAAAAA,.((......((......))..............((......))......((......))..............)).....
121,4.0,rnaevol,0.0948666058832,52,-3.9,AGCACGAACCCAUAUAAGGAAUAAACGAAAGAAGCAAUAAAGCAAAAAACCGAAAAAGGAAAAAACGAAAAAAGCAACAG,.((......((......))..............((......))......((......))..............)).....
122,4.0,rnaevol,0.0954231725871,52,-4.5,AGCAAAAACCCAAAAAAGGAGAAAAAGAAAACAGCACACAAGCAACAAAGGGAAACACCAAAGAACUAGAGAAGCACAAA,.((......((......))..............((......))......((......))..............)).....
123,4.0,rnaevol,0.0962630900323,52,-4.1,AGCAAACAACCAAACACGGAAAAUAAGACAAAAGCAAAAUAGCAAAAAAGGGAAACACCAAAAAACUAAAAAAGCAAAAC,.((......((......))..............((......))......((......))..............)).....
150,12.0,sentrna,0.13303145661131313,52,-1.5,AGCAAAAAAGGAAAAAACCAAAAAACCAAAAAACGAAAAAACGAAAAAAGCAAAAAAGCAAAAAAGGAAAAAAGCAAAAA,.........((......))..............................((......)).....................
151,16.0,sentrna,0.17955673673019182,52,-1.0,AGGAAAAAAGCAAAAAAGCAAAAAAGCAAAAAACGAAAAAACGAAAAAACGAAAAAACGAAAAAAGCAAAAAACCAAAAA,.........((......)).............................................................
152,16.0,sentrna,0.17551932288835045,52,-1.0,AGGAAAAAACGAAAAAACGAAAAAACGAAAAAACGAAAAAACGAAAAAAGCAAAAAAGCAAAAAACGAAAAAACCAAAAA,.................................................((......)).....................
153,12.0,sentrna,0.13398244733862436,52,-1.5,AGCAAAAAAGGAAAAAACCAAAAAACGAAAAAACGAAAAAACGAAAAAAGCAAAAAAGCAAAAAACGAAAAAAGCAAAAA,.........((......))..............................((......)).....................
154,16.0,sentrna,0.21062583692242468,52,-3.0,AGCAAAAAAGCAAAAAAGCAAAAAAGCAAAAAACGAAAAAACGAAAAAACGAAAAAACGAAAAAAGCAAAAAAGCAAAAA,.((......))......((......))......................................((......)).....
114,4.0,erd,0.23008221409905297,52,-7.2,AGCAUUAACGGGAACCACCAACAAAGCAAAAAACCGCUAAAGGGAAACAGCGAAAUAGCAUAUACGCAAUACAGCAAAUA,.((......((......))......))......((......))......((......))......((......)).....
115,4.0,erd,0.18656384577568258,52,-7.1,AGCAAUAAAGGGAAAGACCAAAAAAGCAGGAAAGGGGUGAACCACAAAGCCGGAAAGGGAACAUAGCAGAGAAGCAGAAA,.((......((......))......))......((......))......((......))......((......)).....
116,4.0,erd,0.34537549236720466,52,-9.0,CGGGAAGAAGCGCAUAGGCAAGAAAGCACGCACCCGCUAAAGGAUUAACGCGUAAAGGCAUGAAAGCAUACCACCACAUA,.((......((......((......((......((......))......))......))......))......)).....
117,4.0,erd,0.22021696060780988,52,-8.9,ACCAUUACAGCGUUAGGGCAAAAAAGGGAGAGAGGGAAUUACCAGAUUACCGAUUAGGGGACAAACCAACACAGGGAACC,.((......((......))......))......((......))......((......((......))......)).....
150,18.0,rnainverse,0.5007955332706626,52,-14.0,GGGGCAAUCGCGUCGGAGCGUAACAGUAGGAGGGAGAUGGAUCUGAACUUGACGUAUCAGGACAAGCCCACAACCAUCGU,.((((...(((......)))............(((......)))...(((((....)))))....))))...........
151,4.0,rnainverse,0.10287349848434549,52,-3.8,AGCAAAAACCCGAAAAAGGAAAAAAGGAAAAAAGCGAAAAAGCAAAAAAACGAAAAAGUAAACACCCAAAAAAGCAAAAA,.((......((......))..............((......))......((......))..............)).....
152,10.0,rnainverse,0.39411979551146803,52,-0.5,AUCUUUAAAGAUUUUAUUCACCUAUUUACUAUGUGCCGAUCCACCUGCCCGACUGACCGACCCGAAAGUAUGAGAACAUG,.((((....((......)).............(((......))).....((......))............)))).....
153,4.0,rnainverse,0.3382689271110314,52,-7.1,GGCAAGAAACGGAGAAACGAGACACCCAAUUCAUCGAAGUAGAACUAAGGCUAAAAUGCAUUACAGGGAAGACGCCUUAC,(((......((......)).....(((......((......))......((......))......))).....)))....
154,4.0,rnainverse,0.12819470716249076,52,-2.7,CCCAAAAAAGAUAAAAUUCAAAAAAGCAAAAAAGCGACAAGGCAAAAAAGGAAAAAACCAAAAAAGCAAAAAAGGACAAA,.((......((......))..............((......))......((......))..............)).....
124,0.0,rnaevol,0.0136306041218,95,-54.0,AACAGCCGCCGCCCCAAACGGGGCGCACCAAAAGGUGCGGCGGGGCCCCGAAAGGGGCGGGCCAAAAGGCCCCCCGGCUGAA,..(((((((((((((....)))))(((((....))))))))((((((((....)))))(((((....)))))))))))))..
125,0.0,rnaevol,0.0157676049873,95,-52.9,AAGCGCCCGGGACCCGGAAGGGUCGGCCCAAAAGGGCCCCGGCCGCCCCAACAGGGGCGAGGCAAAAGCCUCGGCGGCGCAA,..(((((((((((((....)))))(((((....))))))))((((((((....)))))(((((....)))))))))))))..
126,0.0,rnaevol,0.0148739732628,95,-52.5,AAGCCCCCGGGCACCUUAGGGUGCGAGGCAAACGCCUCCCGGCCGCCCCAAAAGGGGCGCGGCAAUAGCCGCGGCGGGGCAA,..(((((((((((((....)))))(((((....))))))))((((((((....)))))(((((....)))))))))))))..
127,0.0,rnaevol,0.0152487437895,95,-48.0,AAGCACCCGGGCGAGAACACUCGCGGAGGAUAACCUCCCCGGCCGCCCCAACAGGGGCGCGGCAGAAGCCGCGGCGGUGCAC,..(((((((((((((....)))))(((((....))))))))((((((((....)))))(((((....)))))))))))))..
155,0.0,sentrna,0.07593650921661689,95,-48.4,AGCCGGCGCGGCACGGAAACGUGCGCAGGGAAACCUGCCGCCCCCCGCCGAAAGGCGGGCAUGGAAACAUGCGGGGCCGGAG,..(((((((((((((....)))))(((((....))))))))((((((((....)))))(((((....)))))))))))))..
156,0.0,sentrna,0.14333566246903626,95,-52.3,AGGCGGCGGGGGCUCGAAAGAGCCGGGUCGAAAGACCCCCCCGCGGCUCGAAAGAGCCGCGCCGAAAGGCGCGCGGCCGCAG,..(((((((((((((....)))))(((((....))))))))((((((((....)))))(((((....)))))))))))))..
157,0.0,sentrna,0.0641150373922465,95,-45.9,AGCCACCCCGGCAUCGAAAGAUGCGCCUCGAAAGAGGCCGGGAGGGAGCGAAAGCUCCGCGCCGAAAGGCGCCUCGGUGGAG,..(((((((((((((....)))))(((((....))))))))((((((((....)))))(((((....)))))))))))))..
158,0.0,sentrna,0.11249605543765702,95,-48.5,AGGCGGGGCGGGCUCGAAAGAGCCGCAUCGAAAGAUGCCGCGGGGGAUCGAAAGAUCCGGCCCGAAAGGGCCCCCCCCGCAG,..(((((((((((((....)))))(((((....))))))))((((((((....)))))(((((....)))))))))))))..
159,0.0,sentrna,0.09094425432620673,95,-54.4,AGGCCCCGCCGCGCCGAAAGGCGCCCCGGGAAACCGGGGGCGGGGCGUCGAAAGACGCGCCUGGAAACAGGCCCCGGGGCAG,..(((((((((((((....)))))(((((....))))))))((((((((....)))))(((((....)))))))))))))..
118,0.0,erd,0.27010096838564174,95,-37.0,UCGCCACCCCGUCCCUAAAGGGAUCACCUUUCUAGGUGGGGGGGGAUCCAUAUGGAUCAGCAGUUUACUGCUCCCGUGGCCU,..(((((((((((((....)))))(((((....))))))))((((((((....)))))(((((....)))))))))))))..
119,0.0,erd,0.12094310626106657,95,-33.0,CACUGGCGGCCGGUCUUAAGACCGUCCCAUUGGUGGGAGCCUCCUGCAGGAAACUGCAGCCUGUAAAUAGGCGGAGUCAGCG,..(((((((((((((....)))))(((((....))))))))((((((((....)))))(((((....)))))))))))))..
120,0.0,erd,0.27805883322011354,95,-38.2,AUCAGACCCCGCCCAAGAAUGGGCGUUUGUUCUCAAACGGGGCCCUGGUGAAGACCAGGAGCCGGCGGGCUCGGCGUCUGCU,..(((((((((((((....)))))(((((....))))))))((((((((....)))))(((((....)))))))))))))..
121,0.0,erd,0.08740565900349288,95,-43.2,ACUGGUCGGGGGCGGGGAGCCGCCGGUGGGAAACCACCCCCCCCACUCUCUCAAGAGUGCUGCGUCAGCAGCGGGGACCACG,..(((((((((((((....)))))(((((....))))))))((((((((....)))))(((((....)))))))))))))..
155,8.0,rnainverse,0.4033641553859021,95,-20.0,UAUGUUUGCCAUGGUUUGUACCGUGACUUCGGGGAGUCGGCGUAGGGAAAAACUUCUCGGUCUUUCGAGGCCUAUGAAUAUU,.((((((((((((((....)))))(((((....))))))))...(((((....)))))(((((....)))))...)))))).
156,0.0,rnainverse,0.019752571697802455,95,-55.5,CAGGGACCCCGCCGCUAAUGCGGCGCGCCGAAAGGCGCGGGGGCGGGCCGAAAGGCCCGGAGCGCUAGCUCCGCCGUCCCAA,..(((((((((((((....)))))(((((....))))))))((((((((....)))))(((((....)))))))))))))..
157,6.0,rnainverse,0.5253064044790999,95,-26.4,CGGCUUCGGUCUAUGCUAUUAUGGGCCUUCGGCGAGGCAUCGGUAAUCGUUAACGGUUUAGCCUAGAGGUUAGCCGAAGCAG,..(((((((((((((....)))))(((((....)))))......(((((....)))))(((((....)))))))))))))..
158,2.0,rnainverse,0.47366038302782193,95,-23.8,UGUUUCUCCGGUGUGUGUAUAUACGACAAGAUAUUGUCCGGGGCCUGCCGCUGGGUAGAGUCGGACGUGACUGCCAGGGACC,.((((((((((((((....)))))(((((....))))))))((((((((....)))))(((((....)))))))))))))).
159,6.0,rnainverse,0.24235657878207445,95,-20.7,AGUAGUUGGCCUACAUCAUUGUGGACGCCCUCCGGUGUGCCUCGAACUGAUUGCAGUUGUCUUGCUCAAGACCGAAGCUAGG,..(((((((((((((....)))))(((((....))))))))...(((((....)))))(((((....)))))...)))))..
